Coop Supermarkt Birmensdorf,"Zrcherstrasse 13a, Birmensdorf",47.3536614,8.4367457,"['supermarket', 'grocery_or_supermarket', 'food', 'point_of_interest', 'store', 'establishment']",ChIJ0YCpYsoOkEcRNz3Ngc-ZFXg,8903,"Zrcherstrasse 13a, 8903 Birmensdorf, Switzerland",https://www.coop.ch/de/standorte/coop-supermarkt-birmensdorf/1508_POS
Migros Supermarkt,"Zrcherstrasse 15, Birmensdorf",47.3543302,8.4368917,"['grocery_or_supermarket', 'supermarket', 'food', 'point_of_interest', 'store', 'establishment']",ChIJI8HnhsoOkEcRtrizPct-sG0,8903,"Zrcherstrasse 15, 8903 Birmensdorf, Switzerland",https://filialen.migros.ch/de/migros-supermarkt-birmensdorf
Coop,"Zrcherstrasse 11, Birmensdorf",47.35413639999999,8.436395599999999,"['shopping_mall', 'point_of_interest', 'establishment']",ChIJl52AiuIPkEcRi4moAUAhYNI,8903,"Zrcherstrasse 11, 8903 Birmensdorf, Switzerland",NaN
Coop Pronto Shop mit Tankstelle,"Zrcherstrasse 110/112, Birmensdorf",47.3594247,8.453512900000002,"['gas_station', 'supermarket', 'grocery_or_supermarket', 'food', 'point_of_interest', 'store', 'establishment']",ChIJu-tIjUUJkEcRW4pEeesOZj8,8903,"Zrcherstrasse 110/112, 8903 Birmensdorf, Switzerland",https://www.coop-pronto.ch/de/standort/birmensdorf/
Denner Discount,"Areal Sternen, Zrcherstrasse 110, Birmensdorf",47.359685,8.454051,"['supermarket', 'grocery_or_supermarket', 'food', 'point_of_interest', 'store', 'establishment']",ChIJF0thjUUJkEcRI7K0JlSg1K8,8903,"Areal Sternen, Zrcherstrasse 110, 8903 Birmensdorf, Switzerland",https://www.denner.ch/
Coop Mineraloel AG,"Zrcherstrasse 108, Birmensdorf",47.3595815,8.453398199999999,"['store', 'point_of_interest', 'establishment']",ChIJnz8G9UUJkEcRZBnLOItZd6g,8903,"Zrcherstrasse 108, 8903 Birmensdorf, Switzerland",NaN
Coop Supermarkt Zrich Zentrum Friesenberg,"Friesenbergpl. 3, Zrich",47.3609207,8.5068197,"['supermarket', 'grocery_or_supermarket', 'food', 'point_of_interest', 'store', 'establishment']",ChIJt9-rXyAKkEcR2KENnw7LbUw,8045,"Friesenbergpl. 3, 8045 Zrich, Switzerland",https://www.coop.ch/de/standorte/coop-supermarkt-zuerich-zentrum-friesenberg/4897_POS
Coop City Zrich Sihlcity,"Kalanderpl. 1, Zrich",47.3581442,8.5225083,"['department_store', 'point_of_interest', 'store', 'establishment']",ChIJp3j71fEJkEcRBzbWCpR8iMg,8045,"Kalanderpl. 1, 8045 Zrich, Switzerland",https://www.coop.ch/de/services/standorte-und-oeffnungszeiten/detail.html/2492/
Coop Vitality Zrich Sihl City,"Kalanderpl. 1, Zrich",47.3581442,8.5225083,"['pharmacy', 'health', 'point_of_interest', 'store', 'establishment']",ChIJWzO81-8JkEcREO-U8fsZT-4,8045,"Kalanderpl. 1, 8045 Zrich, Switzerland",https://www.coopvitality.ch/de/4118
Coop Supermarkt Zrich Enge Bahnhof,"Tessinerpl. 10, Zrich",47.3644302,8.530957899999999,"['supermarket', 'grocery_or_supermarket', 'food', 'point_of_interest', 'store', 'establishment']",ChIJd6HCBvkJkEcR-p95T4wTZsw,8002,"Tessinerpl. 10, 8002 Zrich, Switzerland",https://www.coop.ch/de/standorte/coop-supermarkt-zuerich-enge-bahnhof/5447_POS
Coop Pronto Shop,"Tessinerpl. 3, Zrich",47.3644142,8.5322192,"['supermarket', 'grocery_or_supermarket', 'food', 'point_of_interest', 'store', 'establishment']",ChIJR-JmIvkJkEcRlsBVvfH2t-A,8002,"Tessinerpl. 3, 8002 Zrich, Switzerland",https://www.coop-pronto.ch/de/standort/zuerich-am-bahnhof-enge/
Coop Supermarkt Zrich Sihlcity Supermarkt,"Kalanderpl. 1, Zrich",47.3576232,8.5231751,"['supermarket', 'grocery_or_supermarket', 'food', 'point_of_interest', 'store', 'establishment']",ChIJFwx7xe8JkEcRDrrE0f9X6mg,8045,"Kalanderpl. 1, 8045 Zrich, Switzerland",https://www.coop.ch/de/standorte/coop-supermarkt-zuerich-sihlcity-supermarkt/2848_POS
Coop Supermarkt Zrich Brotgasse,"Seefeldstrasse 35, Zrich",47.3631746,8.5499358,"['supermarket', 'grocery_or_supermarket', 'food', 'point_of_interest', 'store', 'establishment']",ChIJJXQjWk6nmkcRkGvoO-99oVE,8008,"Seefeldstrasse 35, 8008 Zrich, Switzerland",https://www.coop.ch/de/standorte/coop-supermarkt-zuerich-brotgasse/5178_POS
Coop Supermarkt Zrich Tiefenbrunnen,"Seefeldstrasse 199, Zrich",47.3533693,8.559115,"['supermarket', 'grocery_or_supermarket', 'food', 'point_of_interest', 'store', 'establishment']",ChIJcczfo0enmkcRcVGnSsAbTPE,8008,"Seefeldstrasse 199, 8008 Zrich, Switzerland",https://www.coop.ch/de/standorte/coop-supermarkt-zuerich-tiefenbrunnen/1246_POS
Coop Supermarkt Zrich Seefeld,"Seefeldstrasse 123, Zrich",47.3580373,8.5547665,"['supermarket', 'grocery_or_supermarket', 'food', 'point_of_interest', 'store', 'establishment']",ChIJdUL9H02nmkcR9sm4Ipv4OMU,8008,"Seefeldstrasse 123, 8008 Zrich, Switzerland",https://www.coop.ch/de/standorte/coop-supermarkt-zuerich-seefeld/2581_POS
Coop Pronto Shop,"Witikonerstrasse 15, Zrich",47.3639816,8.5670317,"['supermarket', 'grocery_or_supermarket', 'food', 'point_of_interest', 'store', 'establishment']",ChIJV-0RKDWnmkcReHFRQHO9q2M,8032,"Witikonerstrasse 15, 8032 Zrich, Switzerland",https://www.coop-pronto.ch/de/standort/zuerich-klusplatz/
Coop Supermarkt Zrich Witikonerstrasse,"Witikonerstrasse 409, Zrich",47.3602256,8.594670899999999,"['supermarket', 'grocery_or_supermarket', 'food', 'point_of_interest', 'store', 'establishment']",ChIJf599CtOmmkcRWHiWHxYCYGA,8053,"Witikonerstrasse 409, 8053 Zrich, Switzerland",https://www.coop.ch/de/standorte/coop-supermarkt-zuerich-witikonerstrasse/1416_POS
Coop Tankstelle,"Zrcherstrasse 108, Birmensdorf",47.35957,8.453287,"['gas_station', 'point_of_interest', 'establishment']",ChIJb3qq9UUJkEcR9i4Y-qfA7wo,8903,"Zrcherstrasse 108, 8903 Birmensdorf, Switzerland",http://coop-tankstelle.slue.io/
Coop Supermarkt Uitikon Waldegg,"Zrcherstrasse 1, Uitikon",47.3676719,8.461705199999999,"['supermarket', 'grocery_or_supermarket', 'food', 'point_of_interest', 'store', 'establishment']",ChIJ7SJ3VA0JkEcR8riOqfBvUIg,8142,"Zrcherstrasse 1, 8142 Uitikon, Switzerland",https://www.coop.ch/de/standorte/coop-supermarkt-uitikon-waldegg/5037_POS
Coop Supermarkt Zrich Triemli,"In der Ey 85, Zrich",47.370577,8.4921401,"['supermarket', 'grocery_or_supermarket', 'food', 'point_of_interest', 'store', 'establishment']",ChIJU5wHWdULkEcRVLrX-Y3gI88,8047,"In der Ey 85, 8047 Zrich, Switzerland",https://www.coop.ch/de/standorte/coop-supermarkt-zuerich-triemli/2580_POS
Coop Supermarkt Zrich Manessehof,"Uetlibergstrasse 20, Zrich",47.3649163,8.5211239,"['supermarket', 'grocery_or_supermarket', 'food', 'point_of_interest', 'store', 'establishment']",ChIJHVi3JfQJkEcRJv9MWJcnqMA,8045,"Uetlibergstrasse 20, 8045 Zrich, Switzerland",https://www.coop.ch/de/standorte/coop-supermarkt-zuerich-manessehof/1833_POS
Coop Supermarkt Zrich Wiedikon,"Birmensdorferstrasse 200, Zrich",47.3707958,8.5160521,"['supermarket', 'grocery_or_supermarket', 'food', 'point_of_interest', 'store', 'establishment']",ChIJTx_WDRoKkEcRlRQJMmQLB_4,8003,"Birmensdorferstrasse 200, 8003 Zrich, Switzerland",https://www.coop.ch/de/standorte/coop-supermarkt-zuerich-wiedikon/1979_POS
Coop Supermarkt Zrich Bleicherweg,"Bleicherweg 19, Zrich",47.3677745,8.5357179,"['supermarket', 'grocery_or_supermarket', 'food', 'point_of_interest', 'store', 'establishment']",ChIJNdEUsJALkEcRf8VXsbY4wD8,8002,"Bleicherweg 19, 8002 Zrich, Switzerland",https://www.coop.ch/de/standorte/coop-supermarkt-zuerich-bleicherweg/4922_POS
Coop Supermarkt Zrich Brengasse,"Brengasse 16, Zrich",47.3700619,8.537119299999999,"['supermarket', 'grocery_or_supermarket', 'food', 'point_of_interest', 'store', 'establishment']",ChIJJVh4EgEKkEcRbF_BNhkt9yU,8001,"Brengasse 16, 8001 Zrich, Switzerland",https://www.coop.ch/de/standorte/coop-supermarkt-zuerich-baerengasse/1255_POS
Coop City Zrich Bellevue,"Theaterstrasse 18, Zrich",47.367271,8.5461079,"['department_store', 'point_of_interest', 'store', 'establishment']",ChIJC3cvW6ugmkcRIdOfNkdNiHE,8001,"Theaterstrasse 18, 8001 Zrich, Switzerland",https://www.coop.ch/de/services/standorte-und-oeffnungszeiten/detail.html/2624/
Coop Supermarkt Zrich Kreuzplatz,"Forchstrasse 4, Zrich",47.3644499,8.5548427,"['supermarket', 'grocery_or_supermarket', 'food', 'point_of_interest', 'store', 'establishment']",ChIJdUL9H02nmkcRyUv1OUIJOkA,8008,"Forchstrasse 4, 8008 Zrich, Switzerland",https://www.coop.ch/de/standorte/coop-supermarkt-zuerich-kreuzplatz/1512_POS
coop Zrich Stadelhofen,"Stadelhoferstrasse 10, Zrich",47.3665879,8.5478226,"['supermarket', 'grocery_or_supermarket', 'food', 'point_of_interest', 'store', 'establishment']",ChIJe4Xxp-ChmkcRQoDwtFTPTeQ,8001,"Stadelhoferstrasse 10, 8001 Zrich, Switzerland",https://www.coop.ch/de/standorte/coop-supermarkt-zuerich-stadelhofen/1511_POS
Coop Restaurant Zrich Bellevue,"Theaterstrasse 18, Zrich",47.367271,8.5461079,"['restaurant', 'food', 'point_of_interest', 'establishment']",ChIJt3cvW6ugmkcR8lFcEpjr-UU,8001,"Theaterstrasse 18, 8001 Zrich, Switzerland",https://www.coop.ch/de/services/standorte-und-oeffnungszeiten/detail.html/2625/
Coop Supermarkt Zrich Rmerhof,"Klosbachstrasse 104, Zrich",47.3678286,8.5608793,"['supermarket', 'grocery_or_supermarket', 'food', 'point_of_interest', 'store', 'establishment']",ChIJiXCkXrSgmkcR_p7tVPS-F-o,8032,"Klosbachstrasse 104, 8032 Zrich, Switzerland",https://www.coop.ch/de/standorte/coop-supermarkt-zuerich-roemerhof/1736_POS
Coop Supermarkt Zrich A-Park,"Albisriederstrasse 334, Zrich",47.3761878,8.4870906,"['supermarket', 'grocery_or_supermarket', 'food', 'point_of_interest', 'store', 'establishment']",ChIJe_dIMdcLkEcRAcqzjn6bRd8,8047,"Albisriederstrasse 334, 8047 Zrich, Switzerland",https://www.coop.ch/de/standorte/coop-supermarkt-zuerich-a-park/3304_POS
Coop Supermarkt Zrich Gutstrasse,"Gutstrasse 159, Zrich",47.37366309999999,8.5023812,"['supermarket', 'grocery_or_supermarket', 'food', 'point_of_interest', 'store', 'establishment']",ChIJvcXhJCkKkEcRH_-ZcFryCNo,8047,"Gutstrasse 159, 8047 Zrich, Switzerland",https://www.coop.ch/de/standorte/coop-supermarkt-zuerich-gutstrasse/4069_POS
Coop Supermarkt Zrich Lochergut,"Badenerstrasse 244, Zrich",47.3757341,8.5173337,"['supermarket', 'grocery_or_supermarket', 'food', 'point_of_interest', 'store', 'establishment']",ChIJteWyVyIKkEcR0I2C_1V3NVc,8004,"Badenerstrasse 244, 8004 Zrich, Switzerland",https://www.coop.ch/de/standorte/coop-supermarkt-zuerich-lochergut/1409_POS
Coop Supermarkt Zrich Albisriederplatz,"Badenerstrasse 333, Zrich",47.37771129999999,8.5111067,"['supermarket', 'grocery_or_supermarket', 'food', 'point_of_interest', 'store', 'establishment']",ChIJifEbwyQKkEcReeGy5M0-WeE,8003,"Badenerstrasse 333, 8003 Zrich, Switzerland",https://www.coop.ch/de/standorte/coop-supermarkt-zuerich-albisriederplatz/2674_POS
Coop Vitality Wiedikon,"Birmensdorferstrasse 200, Zrich",47.3707958,8.5160521,"['pharmacy', 'health', 'point_of_interest', 'store', 'establishment']",ChIJDbn4NCAKkEcR2YMLsqxqjCY,8003,"Birmensdorferstrasse 200, 8003 Zrich, Switzerland",https://www.coopvitality.ch/de/4547
Coop Pronto Shop,"Birmensdorferstrasse 55, Zrich",47.3713635,8.5251356,"['supermarket', 'grocery_or_supermarket', 'food', 'point_of_interest', 'store', 'establishment']",ChIJe49XbxkKkEcRH1OzFi_Q5rk,8004,"Birmensdorferstrasse 55, 8004 Zrich, Switzerland",https://www.coop-pronto.ch/de/standort/zuerich-wiedikon/
Coop Pronto Shop,"Badenerstrasse 120, Zrich",47.374424,8.5237379,"['supermarket', 'grocery_or_supermarket', 'food', 'point_of_interest', 'store', 'establishment']",ChIJe49XbxkKkEcRUeDMJLBF5V4,8004,"Badenerstrasse 120, 8004 Zrich, Switzerland",https://www.coop-pronto.ch/de/standort/zuerich-badenerstrasse-120/
Coop Supermarkt Zrich Hohlstrasse,"Hohlstrasse 35, Zrich",47.3771023,8.5265009,"['supermarket', 'grocery_or_supermarket', 'food', 'point_of_interest', 'store', 'establishment']",ChIJteWyVyIKkEcRed52ybQo6ts,8004,"Hohlstrasse 35, 8004 Zrich, Switzerland",https://www.coop.ch/de/standorte/coop-supermarkt-zuerich-hohlstrasse/1722_POS
Coop Pronto Shop,"Badenerstrasse 44, Zrich",47.3735606,8.5280957,"['supermarket', 'grocery_or_supermarket', 'food', 'point_of_interest', 'store', 'establishment']",ChIJN4lZaRsKkEcR8UgdpDhrUwg,8004,"Badenerstrasse 44, 8004 Zrich, Switzerland",https://www.coop-pronto.ch/de/standort/zuerich-stauffacher/
Coop Supermarkt Zrich Stauffacher,"Badenerstrasse 15, Zrich",47.37342350000001,8.5303361,"['supermarket', 'grocery_or_supermarket', 'food', 'point_of_interest', 'store', 'establishment']",ChIJx0FaShsKkEcRmJj7xPh7kUY,8004,"Badenerstrasse 15, 8004 Zrich, Switzerland",https://www.coop.ch/de/standorte/coop-supermarkt-zuerich-stauffacher/1412_POS
Coop Pronto Shop,"Lwenstrasse 7, Zrich",47.3733679,8.534488,"['supermarket', 'grocery_or_supermarket', 'food', 'point_of_interest', 'store', 'establishment']",ChIJsyElQgQKkEcRb91g8gMMjtQ,8001,"Lwenstrasse 7, 8001 Zrich, Switzerland",https://www.coop-pronto.ch/de/standort/zuerich-loewenstrasse/
Coop Supermarkt City Zrich St. Annahof Food,"Bahnhofstrasse 57, Zrich",47.37295719999999,8.537843400000002,"['department_store', 'point_of_interest', 'store', 'establishment']",ChIJXyZCmMILkEcRSFi34qPZI5U,8001,"Bahnhofstrasse 57, 8001 Zrich, Switzerland",https://www.coop.ch/de/services/standorte-und-oeffnungszeiten/detail.html/1914/
Coop Supermarkt Zrich ShopVille HB,"Halle, Lwenstrasse, Zrich",47.37780739999999,8.5384649,"['supermarket', 'grocery_or_supermarket', 'food', 'point_of_interest', 'store', 'establishment']",ChIJTwg-2gUKkEcRGt4wjZvo6lg,8021,"Halle, Lwenstrasse, 8021 Zrich, Switzerland",https://www.coop.ch/de/standorte/coop-supermarkt-zuerich-shopville-hb/4899_POS
Coop Pronto Shop  Zrich Lwenstrasse,"Lwenstrasse 9, Zrich",47.3733847,8.534583300000001,"['gas_station', 'point_of_interest', 'establishment']",ChIJ_ze2QQQKkEcROVLuAMdqkog,8001,"Lwenstrasse 9, 8001 Zrich, Switzerland",http://www.coop.ch/
natrli Kseladen in Zrich im Coop City St. Annahof,"Bahnhofstrasse 57, Zrich",47.372882,8.538064199999999,"['supermarket', 'grocery_or_supermarket', 'food', 'point_of_interest', 'store', 'establishment']",ChIJc32Jlh8LkEcRTT0IkysMj3Q,8001,"Bahnhofstrasse 57, 8001 Zrich, Switzerland",http://www.naturli-ag.ch/
Coop Supermarkt Zrich Bahnhofbrcke,"Bahnhofbrcke 1, Zrich",47.3764584,8.5423575,"['supermarket', 'grocery_or_supermarket', 'food', 'point_of_interest', 'store', 'establishment']",ChIJBUuIDAgKkEcR6dqDd_VHtbA,8001,"Bahnhofbrcke 1, 8001 Zrich, Switzerland",https://www.coop.ch/de/standorte/coop-supermarkt-zuerich-bahnhofbruecke/1905_POS
Coop Restaurant Zrich St. Annahof,"Bahnhofstrasse 57, Zrich",47.372882,8.538064199999999,"['restaurant', 'food', 'point_of_interest', 'establishment']",ChIJgcBmwAYKkEcRnuVcVKVsDYY,8001,"Bahnhofstrasse 57, 8001 Zrich, Switzerland",https://www.coop.ch/de/services/standorte-und-oeffnungszeiten/detail.html/2083/
Coop ToGo Zrich Stadelhofen,"Stadelhoferstrasse 8, Zrich",47.366583,8.548437999999999,"['meal_takeaway', 'restaurant', 'food', 'point_of_interest', 'establishment']",ChIJ24iyO_mZmkcRHYwx0uUxRV0,8001,"Stadelhoferstrasse 8, 8001 Zrich, Switzerland",https://www.coop.ch/de/services/standorte-und-oeffnungszeiten/detail.html/5222/
Coop Vitality Zrich Bahnhofstr.,"Bahnhofstrasse 81, Zrich",47.3759368,8.5390692,"['pharmacy', 'health', 'point_of_interest', 'store', 'establishment']",ChIJ_9CFPAYKkEcRev3LF_UhUX4,8001,"Bahnhofstrasse 81, 8001 Zrich, Switzerland",https://www.coopvitality.ch/de/3996
Coop ToGo Zrich City St. Annahof,"Bahnhofstrasse 57, Zrich",47.372882,8.538064199999999,"['meal_takeaway', 'restaurant', 'food', 'point_of_interest', 'establishment']",ChIJU2MoP4kLkEcR2dPeos4Wc1M,8001,"Bahnhofstrasse 57, 8001 Zrich, Switzerland",https://www.coop.ch/de/services/standorte-und-oeffnungszeiten/detail.html/5668/
Coop Supermarkt Zrich Fluntern,"Zrichbergstrasse 75, Zrich",47.3763892,8.559660299999999,"['supermarket', 'grocery_or_supermarket', 'food', 'point_of_interest', 'store', 'establishment']",ChIJdUL9H02nmkcRU115IRS7Tn0,8044,"Zrichbergstrasse 75, 8044 Zrich, Switzerland",https://www.coop.ch/de/standorte/coop-supermarkt-zuerich-fluntern/1600_POS
Pick Fresh,"Zrichbergstrasse 64, Zrich",47.3756732,8.559680499999999,"['supermarket', 'grocery_or_supermarket', 'food', 'point_of_interest', 'store', 'establishment']",ChIJB_9hcrqgmkcRotnOI7okW38,8044,"Zrichbergstrasse 64, 8044 Zrich, Switzerland",NaN
Coop Pronto Shop,"Badenerstrasse 575, Zrich",47.3846317,8.495802,"['supermarket', 'grocery_or_supermarket', 'food', 'point_of_interest', 'store', 'establishment']",ChIJoxpEocwLkEcRyX_yTOD8J-o,8048,"Badenerstrasse 575, 8048 Zrich, Switzerland",https://www.coop-pronto.ch/de/standort/zuerich-kiss/
Coop Supermarkt Zrich Europaallee Passage,"Europaallee 5, Zrich",47.3780286,8.534917499999999,"['supermarket', 'grocery_or_supermarket', 'food', 'point_of_interest', 'store', 'establishment']",ChIJrYlCwA8KkEcRFaaZgrz8gwc,8004,"Europaallee 5, 8004 Zrich, Switzerland",https://www.coop.ch/de/standorte/coop-supermarkt-zuerich-europaallee-passage/4571_POS
Coop Supermarkt Zrich Zollstrasse,"Zollstrasse 42, Zrich",47.3805215,8.5348598,"['supermarket', 'grocery_or_supermarket', 'food', 'point_of_interest', 'store', 'establishment']",ChIJycNoXQ4KkEcR9FjkT19AFzw,8005,"Zollstrasse 42, 8005 Zrich, Switzerland",https://www.coop.ch/de/standorte/coop-supermarkt-zuerich-zollstrasse/5149_POS
Coop ToGo Zrich Neugasse,"Neugasse 50, Zrich",47.3827483,8.5296886,"['meal_takeaway', 'restaurant', 'food', 'point_of_interest', 'establishment']",ChIJf5lp0hMKkEcRsh8jWpKbG5Q,8005,"Neugasse 50, 8005 Zrich, Switzerland",https://www.coop.ch/de/services/standorte-und-oeffnungszeiten/detail.html/5218/
Rampe21 - food cooperative,"Ausstellungsstrasse 21, Zrich",47.38150419999999,8.5369241,"['grocery_or_supermarket', 'food', 'point_of_interest', 'store', 'establishment']",ChIJQ6FnTOULkEcRXY5Wtss4-8k,8005,"Ausstellungsstrasse 21, 8005 Zrich, Switzerland",https://grassrooted.ch/rampe21
Coop Supermarkt Zrich Universittstrasse,"Universittstrasse 73, Zrich",47.38252139999999,8.547810499999999,"['supermarket', 'grocery_or_supermarket', 'food', 'point_of_interest', 'store', 'establishment']",ChIJkzTA46CgmkcRdMqv-tjwERQ,8006,"Universittstrasse 73, 8006 Zrich, Switzerland",https://www.coop.ch/de/standorte/coop-supermarkt-zuerich-universitaetstrasse/1838_POS
Coop Supermarkt Zrich Rigiplatz,"Universittstrasse 101, Zrich",47.3839571,8.5480634,"['supermarket', 'grocery_or_supermarket', 'food', 'point_of_interest', 'store', 'establishment']",ChIJ6UrCT6CgmkcRc66BhyTAc04,8006,"Universittstrasse 101, 8006 Zrich, Switzerland",https://www.coop.ch/de/standorte/coop-supermarkt-zuerich-rigiplatz/5019_POS
Coop Supermarkt Urdorf,"Birmensdorferstrasse 79, Urdorf",47.38488340000001,8.4222555,"['supermarket', 'grocery_or_supermarket', 'food', 'point_of_interest', 'store', 'establishment']",ChIJnxYqzCIMkEcRDDbR5DPSKIU,8902,"Birmensdorferstrasse 79, 8902 Urdorf, Switzerland",https://www.coop.ch/de/standorte/coop-supermarkt-urdorf/4866_POS
Migros Supermarkt,"Birmensdorferstrasse 87, Urdorf",47.3850391,8.4217389,"['grocery_or_supermarket', 'supermarket', 'food', 'point_of_interest', 'store', 'establishment']",ChIJ1wh82yIMkEcRD-SIel5TORA,8902,"Birmensdorferstrasse 87, 8902 Urdorf, Switzerland",https://filialen.migros.ch/de/migros-supermarkt-urdorf-spitzacker
Coop Supermarkt Zrich Suteracher,"Am Suteracher 14, Zrich",47.389955,8.4720952,"['supermarket', 'grocery_or_supermarket', 'food', 'point_of_interest', 'store', 'establishment']",ChIJ6bEo5eoLkEcRo5q89S3axQ8,8048,"Am Suteracher 14, 8048 Zrich, Switzerland",https://www.coop.ch/de/standorte/coop-supermarkt-zuerich-suteracher/1227_POS
Coop Supermarkt Zrich Lindenplatz,"Lindenpl. 6, Zrich",47.3876386,8.4853846,"['supermarket', 'grocery_or_supermarket', 'food', 'point_of_interest', 'store', 'establishment']",ChIJeZIZA8kLkEcRrBtlVEevG5k,8048,"Lindenpl. 6, 8048 Zrich, Switzerland",https://www.coop.ch/de/standorte/coop-supermarkt-zuerich-lindenplatz/4852_POS
Coop Supermarkt Zrich Altstetten,"Badenerstrasse 650, Zrich",47.3875672,8.4890135,"['supermarket', 'grocery_or_supermarket', 'food', 'point_of_interest', 'store', 'establishment']",ChIJeZIZA8kLkEcR6jYDL44vL-4,8048,"Badenerstrasse 650, 8048 Zrich, Switzerland",https://www.coop.ch/de/standorte/coop-supermarkt-zuerich-altstetten/1907_POS
Coop Pronto Shop,"Hohlstrasse 560, Zrich",47.3909986,8.489169,"['supermarket', 'grocery_or_supermarket', 'food', 'point_of_interest', 'store', 'establishment']",ChIJQcDww7cLkEcRsYKZzJ28k90,8048,"Hohlstrasse 560, 8048 Zrich, Switzerland",https://www.coop-pronto.ch/de/standort/zuerich-hohlstrasse/
Coop Supermarkt Zrich Letzipark,"Baslerstrasse 50, Zrich",47.3859855,8.499333,"['supermarket', 'grocery_or_supermarket', 'food', 'point_of_interest', 'store', 'establishment']",ChIJyRiXxDQKkEcRDb6eO6wEZmg,8066,"Baslerstrasse 50, 8066 Zrich, Switzerland",https://www.coop.ch/de/standorte/coop-supermarkt-zuerich-letzipark/1983_POS
Coop,"Hohlstrasse 461, Zrich",47.3872813,8.4984865,"['gas_station', 'supermarket', 'grocery_or_supermarket', 'food', 'point_of_interest', 'store', 'establishment']",ChIJIRaoKTUKkEcRQUaW6jdZfME,8048,"Hohlstrasse 461, 8048 Zrich, Switzerland",https://www.coop-pronto.ch/de/standort/zuerich-letzipark/
Coop Bau+Hobby Zrich Letzipark,"Baslerstrasse 50, Zrich",47.3870263,8.4996428,"['furniture_store', 'home_goods_store', 'point_of_interest', 'store', 'establishment']",ChIJ7-A0MDEKkEcRAaRifaIjC8U,8066,"Baslerstrasse 50, 8066 Zrich, Switzerland",https://www.bauundhobby.ch/standorte/zuerich/s/3299_POS
Coop Vitality Zrich Letzipark,"Baslerstrasse 50, Zrich",47.3875611,8.497703399999999,"['pharmacy', 'health', 'point_of_interest', 'store', 'establishment']",ChIJzVY32zQKkEcReeKHBI3yASA,8066,"Baslerstrasse 50, 8066 Zrich, Switzerland",https://www.coopvitality.ch/de/4516
Coop Take it Zrich Letzipark,"Baslerstrasse 50, Zrich",47.3875611,8.497703399999999,"['meal_takeaway', 'restaurant', 'food', 'point_of_interest', 'establishment']",ChIJpw_N7jQKkEcRdH9zBB5VTho,8066,"Baslerstrasse 50, 8066 Zrich, Switzerland",https://www.coop.ch/de/services/standorte-und-oeffnungszeiten/detail.html/2167/
Coop ToGo Letzipark,"Baslerstrasse 50, Zrich",47.38681099999999,8.4993207,"['meal_takeaway', 'restaurant', 'food', 'point_of_interest', 'establishment']",ChIJF_Z10DQKkEcRJNe9Pd-k_As,8066,"Baslerstrasse 50, 8066 Zrich, Switzerland",https://www.coop.ch/de/services/standorte-und-oeffnungszeiten/detail.html/5327/
Coop Supermarkt Zrich Maagplatz,"Maagpl. 1, Zrich",47.3859754,8.5161538,"['supermarket', 'grocery_or_supermarket', 'food', 'point_of_interest', 'store', 'establishment']",ChIJ_9A0iXFzkEcRGO4MkdFBzrc,8005,"Maagpl. 1, 8005 Zrich, Switzerland",https://www.coop.ch/de/standorte/coop-supermarkt-zuerich-maagplatz/5013_POS
Coop Supermarkt Pfingstweidstrasse Prime 2,"Maschinenstrasse 10, Zrich",47.387401,8.517362,"['supermarket', 'grocery_or_supermarket', 'food', 'point_of_interest', 'store', 'establishment']",ChIJuYcXq00LkEcRwkQs_vtH_X4,8005,"Maschinenstrasse 10, 8005 Zrich, Switzerland",https://www.coop.ch/de/standorte/coop-supermarkt-pfingstweidstrasse-prime-2/5240_POS
Coop Supermarkt Zrich Hard Turm Park,"Pfingstweidstrasse 106, Zrich",47.3911161,8.5080114,"['supermarket', 'grocery_or_supermarket', 'food', 'point_of_interest', 'store', 'establishment']",ChIJPWPbBkkKkEcR8X-nb94BlVI,8005,"Pfingstweidstrasse 106, 8005 Zrich, Switzerland",https://www.coop.ch/de/standorte/coop-supermarkt-zuerich-hard-turm-park/3311_POS
Coop Pronto Shop,"Hardstrasse 221, Zrich",47.386452,8.5177126,"['supermarket', 'grocery_or_supermarket', 'food', 'point_of_interest', 'store', 'establishment']",ChIJS-n6eD8KkEcRp-VCGao7OuA,8005,"Hardstrasse 221, 8005 Zrich, Switzerland",https://www.coop-pronto.ch/de/standort/zuerich-prime-tower/
Coop Supermarkt Zrich Josefstrasse,"Rntgenstrasse 48, Zrich",47.3847527,8.527192099999999,"['supermarket', 'grocery_or_supermarket', 'food', 'point_of_interest', 'store', 'establishment']",ChIJBw6ifhQKkEcRfijxLgDRXOQ,8005,"Rntgenstrasse 48, 8005 Zrich, Switzerland",https://www.coop.ch/de/standorte/coop-supermarkt-zuerich-josefstrasse/1596_POS
Coop Supermarkt Zrich Puls 5,"Giessereistrasse 18, Zrich",47.3908033,8.5178652,"['supermarket', 'grocery_or_supermarket', 'food', 'point_of_interest', 'store', 'establishment']",ChIJXWesJkEKkEcRMMVu8fdKVq4,8005,"Giessereistrasse 18, 8005 Zrich, Switzerland",https://www.coop.ch/de/standorte/coop-supermarkt-zuerich-puls-5/5180_POS
coop@home - Drive In Sihlquai,"Sihlquai 306, Zrich",47.3901296,8.5260277,"['food', 'point_of_interest', 'establishment']",ChIJoSpJVGoKkEcRAUhu5y12ReU,8005,"Sihlquai 306, 8005 Zrich, Switzerland",http://www.coopathome.ch/
Coop Pronto Shop mit Tankstelle,"Zrcherstrasse 229, Dietikon",47.3973059,8.427216,"['gas_station', 'supermarket', 'grocery_or_supermarket', 'food', 'point_of_interest', 'store', 'establishment']",ChIJtYSpHwgNkEcRRKMI4-aLVJs,8953,"Zrcherstrasse 229, 8953 Dietikon, Switzerland",https://www.coop-pronto.ch/de/standort/dietikon-zuercherstrasse/
Coop Supermarkt Schlieren Lilie,"Zrcherstrasse 6, Schlieren",47.3973601,8.4487969,"['supermarket', 'grocery_or_supermarket', 'food', 'point_of_interest', 'store', 'establishment']",ChIJ--9aMXQMkEcRWdvS9sgAMQI,8952,"Zrcherstrasse 6, 8952 Schlieren, Switzerland",https://www.coop.ch/de/standorte/coop-supermarkt-schlieren-lilie/1957_POS
Coop Pronto Shop,"Badenerstrasse 812, Zrich",47.3933164,8.474460500000001,"['supermarket', 'grocery_or_supermarket', 'food', 'point_of_interest', 'store', 'establishment']",ChIJ2Ud27RcLkEcRfndVpo-Fkac,8048,"Badenerstrasse 812, 8048 Zrich, Switzerland",https://www.coop-pronto.ch/de/standort/zuerich-altstetten/
Coop Shop Tankstelle,"Badenerstrasse 812, Zrich",47.393296,8.4745346,"['gas_station', 'point_of_interest', 'establishment']",ChIJmchPcJULkEcR6G3Qzk4zYqM,8048,"Badenerstrasse 812, 8048 Zrich, Switzerland",NaN
Coop Supermarkt Zrich Vulkanstrasse,"Vulkanstrasse 108, Zrich",47.39354960000001,8.483847599999999,"['supermarket', 'grocery_or_supermarket', 'food', 'point_of_interest', 'store', 'establishment']",ChIJhVuN5FMLkEcRFnlKkzsRQ44,8048,"Vulkanstrasse 108, 8048 Zrich, Switzerland",https://www.coop.ch/de/standorte/coop-supermarkt-zuerich-vulkanstrasse/5629_POS
Coop Supermarkt Zrich Westlink,"Vulkanpl., Zrich",47.3921018,8.4901313,"['supermarket', 'grocery_or_supermarket', 'food', 'point_of_interest', 'store', 'establishment']",ChIJn6zJrbcLkEcRbx0r_Fr7fVA,8048,"Vulkanpl., 8048 Zrich, Switzerland",https://www.coop.ch/de/standorte/coop-supermarkt-zuerich-westlink/4873_POS
Coop City Outlet Coop Letzipark,"Baslerstrasse 50, Zrich",47.3875611,8.497703399999999,"['department_store', 'point_of_interest', 'store', 'establishment']",ChIJ9yNyFqcLkEcRR2FgI03Z2uA,8066,"Baslerstrasse 50, 8066 Zrich, Switzerland",https://www.coop.ch/de/services/standorte-und-oeffnungszeiten/detail.html/5929/
Coop Da Giovanni,"Maagpl. 7, Zrich",47.3910306,8.5083579,"['food', 'point_of_interest', 'store', 'establishment']",ChIJVVVVVUgKkEcRx3pLEPXEayc,8005,"Maagpl. 7, 8005 Zrich, Switzerland",NaN
Coop Supermarkt Zrich Wipkingerbrcke,"Rschibachstrasse 22, Zrich",47.3926356,8.524665299999999,"['supermarket', 'grocery_or_supermarket', 'food', 'point_of_interest', 'store', 'establishment']",ChIJ-Vog-GkKkEcRSpN3HDvClnY,8037,"Rschibachstrasse 22, 8037 Zrich, Switzerland",https://www.coop.ch/de/standorte/coop-supermarkt-zuerich-wipkingerbruecke/1241_POS
Coop Supermarkt Zrich Scheffelstrasse,"Scheffelstrasse 12, Zrich",47.3938032,8.5295861,"['supermarket', 'grocery_or_supermarket', 'food', 'point_of_interest', 'store', 'establishment']",ChIJWcZrL2kKkEcRdFqDH3JcdDE,8037,"Scheffelstrasse 12, 8037 Zrich, Switzerland",https://www.coop.ch/de/standorte/coop-supermarkt-zuerich-scheffelstrasse/1098_POS
Coop Supermarkt Zrich Milchbuck,"Milchbuckstrasse 1/5, Zrich",47.3954544,8.540429699999999,"['supermarket', 'grocery_or_supermarket', 'food', 'point_of_interest', 'store', 'establishment']",ChIJXU7khXAKkEcRyiofAm8qceM,8057,"Milchbuckstrasse 1/5, 8057 Zrich, Switzerland",https://www.coop.ch/de/standorte/coop-supermarkt-zuerich-milchbuck/1248_POS
Coop Pronto Shop,"Hofwiesenstrasse 5, Zrich",47.3922211,8.5381115,"['supermarket', 'grocery_or_supermarket', 'food', 'point_of_interest', 'store', 'establishment']",ChIJHbxHkHEKkEcRkRNwHHIy1bo,8057,"Hofwiesenstrasse 5, 8057 Zrich, Switzerland",https://www.coop-pronto.ch/de/standort/zuerich-hofwiesenstrasse/
Coop Pronto Shop,"Dbendorfstrasse 447, Zrich",47.3972115,8.5963125,"['supermarket', 'grocery_or_supermarket', 'food', 'point_of_interest', 'store', 'establishment']",ChIJHfeTnP6gmkcRybLRujGHF8g,8051,"Dbendorfstrasse 447, 8051 Zrich, Switzerland",https://www.coop-pronto.ch/de/standort/zuerich-stettbach-bahnhof/
Coop Supermarkt Dietikon Brunau,"Birmensdorferstrasse 9, Dietikon",47.398141,8.4178655,"['supermarket', 'grocery_or_supermarket', 'food', 'point_of_interest', 'store', 'establishment']",ChIJW4YGS0YMkEcRrAUv1oEcnI4,8953,"Birmensdorferstrasse 9, 8953 Dietikon, Switzerland",https://www.coop.ch/de/standorte/coop-supermarkt-dietikon-brunau/1837_POS
Coop Supermarkt Schlieren Rietpark,"Goldschlgipl. 5, Schlieren",47.3997563,8.4418133,"['supermarket', 'grocery_or_supermarket', 'food', 'point_of_interest', 'store', 'establishment']",ChIJr2dX33EMkEcR6Om4SqsKZXw,8952,"Goldschlgipl. 5, 8952 Schlieren, Switzerland",https://www.coop.ch/de/standorte/coop-supermarkt-schlieren-rietpark/4689_POS
Coop Pronto Shop,"Bahnhofstrasse 2, Schlieren",47.3982383,8.4484853,"['supermarket', 'grocery_or_supermarket', 'food', 'point_of_interest', 'store', 'establishment']",ChIJ18uPi6wNkEcR_IYJvo6SLPE,8952,"Bahnhofstrasse 2, 8952 Schlieren, Switzerland",https://www.coop-pronto.ch/de/standort/schlieren/
Coop Restaurant Schlieren Lilien,"Zrcherstrasse 6, Schlieren",47.3973601,8.4487969,"['restaurant', 'food', 'point_of_interest', 'establishment']",ChIJhSC-NZILkEcRIRKGrfOOVeQ,8952,"Zrcherstrasse 6, 8952 Schlieren, Switzerland",https://www.coop.ch/de/services/standorte-und-oeffnungszeiten/detail.html/2088/
Coop Supermarkt Zrich Hnggermarkt,"Regensdorferstrasse 9, Zrich",47.4026805,8.4983802,"['supermarket', 'grocery_or_supermarket', 'food', 'point_of_interest', 'store', 'establishment']",ChIJ8WTzRqwLkEcRgLJV1RR5rFw,8049,"Regensdorferstrasse 9, 8049 Zrich, Switzerland",https://www.coop.ch/de/standorte/coop-supermarkt-zuerich-hoenggermarkt/1906_POS
Coop Pronto Shop mit Tankstelle,"Am Wasser 146, Zrich",47.399702,8.4972645,"['gas_station', 'supermarket', 'grocery_or_supermarket', 'food', 'point_of_interest', 'store', 'establishment']",ChIJc-X3iq0LkEcRvzvTpqPE-2o,8049,"Am Wasser 146, 8049 Zrich, Switzerland",https://www.coop-pronto.ch/de/standort/zuerich-hoengg/
Coop Supermarkt Zrich Hirzenbachstrasse,"Hirzenbachstrasse 40, Zrich",47.4034853,8.5893299,"['supermarket', 'grocery_or_supermarket', 'food', 'point_of_interest', 'store', 'establishment']",ChIJFZ5x7FegmkcRGLDfm8BTZlw,8051,"Hirzenbachstrasse 40, 8051 Zrich, Switzerland",https://www.coop.ch/de/standorte/coop-supermarkt-zuerich-hirzenbachstrasse/4592_POS
Coop Bau+Hobby Dbendorf,"Neugutstrasse 88, Dbendorf",47.4012122,8.6051921,"['furniture_store', 'home_goods_store', 'point_of_interest', 'store', 'establishment']",ChIJTydhpwChmkcR72MZ1A9OIlI,8600,"Neugutstrasse 88, 8600 Dbendorf, Switzerland",https://www.bauundhobby.ch/standorte/duebendorf/s/2015_POS
LIVIQUE Dbendorf Wohnland,"Hochbordstrasse 8, Dbendorf",47.40188,8.600885,"['furniture_store', 'home_goods_store', 'point_of_interest', 'store', 'establishment']",ChIJNzM4qKqhmkcRUHoZguPjSTc,8600,"Hochbordstrasse 8, 8600 Dbendorf, Switzerland",https://www.livique.ch/
Coop Supermarkt Dbendorf Center,"Adlerstrasse 1, Dbendorf",47.3976122,8.616562199999999,"['supermarket', 'grocery_or_supermarket', 'food', 'point_of_interest', 'store', 'establishment']",ChIJEze0YgmhmkcRAjYFmnktLZ4,8600,"Adlerstrasse 1, 8600 Dbendorf, Switzerland",https://www.coop.ch/de/standorte/coop-supermarkt-duebendorf-center/1509_POS
Coop Supermarkt Oberengstringen,"Zrcherstrasse 149, Oberengstringen",47.4105615,8.457950199999999,"['supermarket', 'grocery_or_supermarket', 'food', 'point_of_interest', 'store', 'establishment']",ChIJnWMsaIALkEcR7H77SiaMUJA,8102,"Zrcherstrasse 149, 8102 Oberengstringen, Switzerland",https://www.coop.ch/de/standorte/coop-supermarkt-oberengstringen/1257_POS
Coop Supermarket,"Frankentalerstrasse 20, Zrich",47.4058702,8.4814171,"['supermarket', 'grocery_or_supermarket', 'food', 'point_of_interest', 'store', 'establishment']",ChIJfVT3iKELkEcRoIeBfxOeBNY,8049,"Frankentalerstrasse 20, 8049 Zrich, Switzerland",https://www.coop.ch/de/standorte/coop-supermarkt-zuerich-bombach/4853_POS
Coop Supermarkt Zrich ETH Hnggerberg,"Wolfgang-Pauli-Strasse 14, Zrich",47.4083915,8.507961,"['supermarket', 'grocery_or_supermarket', 'food', 'point_of_interest', 'store', 'establishment']",ChIJRw4SNB0LkEcRYhmPPYIP6qk,8049,"Wolfgang-Pauli-Strasse 14, 8049 Zrich, Switzerland",https://www.coop.ch/de/standorte/coop-supermarkt-zuerich-eth-hoenggerberg/4851_POS
Coop ToGo Zrich ETH Fusion,"Vladimir-Prelog-Weg 10, Zrich",47.4077416,8.50781,"['meal_takeaway', 'restaurant', 'food', 'point_of_interest', 'establishment']",ChIJL2dRhlUKkEcRh0dxKRUsP6Q,8049,"Vladimir-Prelog-Weg 10, 8049 Zrich, Switzerland",https://www.coop.ch/de/services/standorte-und-oeffnungszeiten/detail.html/5030/
Coop,"Hofwiesenstrasse 370, Zrich",47.4111989,8.544497,"['supermarket', 'grocery_or_supermarket', 'food', 'point_of_interest', 'store', 'establishment']",ChIJ1WK49PgLkEcRRjRLrDyP_qs,8050,"Hofwiesenstrasse 370, 8050 Zrich, Switzerland",https://www.coop.ch/de/standorte/coop-supermarkt-zuerich-hofwiesenstrasse/1417_POS
Coop Supermarkt Zrich Dorflinde,"Schwamendingenstrasse 39, Zrich",47.4076154,8.549924299999999,"['supermarket', 'grocery_or_supermarket', 'food', 'point_of_interest', 'store', 'establishment']",ChIJk3synY8KkEcRPiSd8bYbHLo,8050,"Schwamendingenstrasse 39, 8050 Zrich, Switzerland",https://www.coop.ch/de/standorte/coop-supermarkt-zuerich-dorflinde/1228_POS
Coop City Zrich Oerlikon Food,"Wallisellenstrasse 1, Zrich",47.41037910000001,8.5466882,"['department_store', 'point_of_interest', 'store', 'establishment']",ChIJB1QWpoYKkEcRgWviq2UyNOk,8050,"Wallisellenstrasse 1, 8050 Zrich, Switzerland",https://www.coop.ch/de/services/standorte-und-oeffnungszeiten/detail.html/2617/
Coop Supermarkt Zrich Precisa,"Wallisellenstrasse 333, Zrich",47.4113768,8.562585,"['supermarket', 'grocery_or_supermarket', 'food', 'point_of_interest', 'store', 'establishment']",ChIJ91SLpnugmkcRpZoFHIFAWyY,8050,"Wallisellenstrasse 333, 8050 Zrich, Switzerland",https://www.coop.ch/de/standorte/coop-supermarkt-zuerich-precisa/1909_POS
Coop Supermarkt Zrich Schwamendingen,"Saatlenstrasse 12, Zrich",47.4049187,8.5716678,"['supermarket', 'grocery_or_supermarket', 'food', 'point_of_interest', 'store', 'establishment']",ChIJ-0XXwWGgmkcRUk9DeQ9cDqo,8051,"Saatlenstrasse 12, 8051 Zrich, Switzerland",https://www.coop.ch/de/standorte/coop-supermarkt-zuerich-schwamendingen/2359_POS
Coop Supermarkt Wallisellen Richti-Shopping,"Neue Winterthurerstrasse 82, Wallisellen",47.4094811,8.5962266,"['supermarket', 'grocery_or_supermarket', 'food', 'point_of_interest', 'store', 'establishment']",ChIJZQIQK1KgmkcRw-eGTZy1VFw,8304,"Neue Winterthurerstrasse 82, 8304 Wallisellen, Switzerland",https://www.coop.ch/de/standorte/coop-supermarkt-wallisellen-richti-shopping/4954_POS
Coop Supermarkt Zrich Rtihof,"Rtihofstrasse 15, Zrich",47.4137347,8.4796167,"['supermarket', 'grocery_or_supermarket', 'food', 'point_of_interest', 'store', 'establishment']",ChIJzxVi73QLkEcRqPs8Nd-0uWU,8049,"Rtihofstrasse 15, 8049 Zrich, Switzerland",https://www.coop.ch/de/standorte/coop-supermarkt-zuerich-ruetihof/1725_POS
Coop Supermarkt Zrich Eleven,"Sophie-Taeuber-Strasse 4, Zrich",47.4131828,8.5406746,"['supermarket', 'grocery_or_supermarket', 'food', 'point_of_interest', 'store', 'establishment']",ChIJW_3Lt6mgmkcRZzq9UZyzvMs,8050,"Sophie-Taeuber-Strasse 4, 8050 Zrich, Switzerland",https://www.coop.ch/de/standorte/coop-supermarkt-zuerich-eleven/2250_POS
Coop Bau+Hobby Zrich Oerlikon Eleven,"Sophie-Taeuber-Strasse 4, Zrich",47.4130115,8.540592199999999,"['furniture_store', 'home_goods_store', 'point_of_interest', 'store', 'establishment']",ChIJqfF-Eo8KkEcREb52B1p41AE,8050,"Sophie-Taeuber-Strasse 4, 8050 Zrich, Switzerland",https://www.bauundhobby.ch/standorte/zuerich/s/2249_POS
Coop Vitality Oerlikon,"Sophie-Taeuber-Strasse 4, Zrich",47.4130115,8.540592199999999,"['pharmacy', 'health', 'point_of_interest', 'store', 'establishment']",ChIJk3synY8KkEcROaLTf-UQbOI,8050,"Sophie-Taeuber-Strasse 4, 8050 Zrich, Switzerland",https://www.coopvitality.ch/de/5577
Coop Supermarkt Zrich Andreasturm,"Andreasstrasse 5, Zrich",47.41290499999999,8.5473555,"['supermarket', 'grocery_or_supermarket', 'food', 'point_of_interest', 'store', 'establishment']",ChIJIbLL9VYLkEcRbWHefo1OQxw,8050,"Andreasstrasse 5, 8050 Zrich, Switzerland",https://www.coop.ch/de/standorte/coop-supermarkt-zuerich-andreasturm/5609_POS
Coop Pronto Shop,"Thurgauerstrasse 36, Zrich",47.4138904,8.5514837,"['supermarket', 'grocery_or_supermarket', 'food', 'point_of_interest', 'store', 'establishment']",ChIJuXsw4IIKkEcRBGWM58VaAdQ,8050,"Thurgauerstrasse 36, 8050 Zrich, Switzerland",https://www.coop-pronto.ch/de/standort/zuerich-main-tower/
Coop Restaurant,"Sophie-Taeuber-Strasse 5, Zrich",47.4135444,8.5410912,"['restaurant', 'food', 'point_of_interest', 'establishment']",ChIJYb0jn48KkEcRBBkVxJylbFo,8050,"Sophie-Taeuber-Strasse 5, 8050 Zrich, Switzerland",http://www.coop.ch/de/services/standorte-und-oeffnungszeiten/detail.html/zuerich-eleven?id=5080
Coop ToGo Zrich Oerlikon Bhf,"Schaffhauserstrasse 389, Zrich",47.412451,8.5454467,"['meal_takeaway', 'restaurant', 'food', 'point_of_interest', 'establishment']",ChIJR-z6t4UKkEcR9LzSaPVDDbo,8050,"Schaffhauserstrasse 389, 8050 Zrich, Switzerland",https://www.coop.ch/de/services/standorte-und-oeffnungszeiten/detail.html/5079/
Coop Blumen Shop,"Coop Center Eleven, Sophie-Taeuber-Strasse 4, Zrich",47.4136607,8.5408841,"['point_of_interest', 'establishment']",ChIJQ_lYXSYLkEcRMAeeiwXKPjc,8050,"Coop Center Eleven, Sophie-Taeuber-Strasse 4, 8050 Zrich, Switzerland",https://www.coop.ch/de/standorte/coop-supermarkt-zuerich-eleven/2250_POS
Coop Supermarkt Wallisellen Bahnhofplatz,"Bahnhofpl. 2, Wallisellen",47.4130775,8.592942599999999,"['supermarket', 'grocery_or_supermarket', 'food', 'point_of_interest', 'store', 'establishment']",ChIJyU1Gvk-gmkcRWl0AbaYLbV4,8304,"Bahnhofpl. 2, 8304 Wallisellen, Switzerland",https://www.coop.ch/de/standorte/coop-supermarkt-wallisellen-bahnhofplatz/4120_POS
Coop Supermarkt Zrich Wehntalerstrasse,"Wehntalerstrasse 549, Zrich",47.4188871,8.5055923,"['supermarket', 'grocery_or_supermarket', 'food', 'point_of_interest', 'store', 'establishment']",ChIJRw4SNB0LkEcRExd1P9a5qdo,8046,"Wehntalerstrasse 549, 8046 Zrich, Switzerland",https://www.coop.ch/de/standorte/coop-supermarkt-zuerich-wehntalerstrasse/1410_POS
Coop Supermarkt Zrich Schwellistrasse,"Schwellistrasse 69, Zrich",47.4248948,8.5377536,"['supermarket', 'grocery_or_supermarket', 'food', 'point_of_interest', 'store', 'establishment']",ChIJReNzlpUKkEcRZGI02kTFB4Q,8052,"Schwellistrasse 69, 8052 Zrich, Switzerland",https://www.coop.ch/de/standorte/coop-supermarkt-zuerich-schwellistrasse/1841_POS
Coop Kiosk,"Sophie-Taeuber-Strasse 4, Zrich",47.4130115,8.540592199999999,"['point_of_interest', 'store', 'establishment']",ChIJHXXy51oLkEcRUBGyPA7l35Q,8050,"Sophie-Taeuber-Strasse 4, 8050 Zrich, Switzerland",https://www.coop.ch/de/unternehmen/standorte-und-oeffnungszeiten/detail.html/2250/
Coop Pronto Shop,"Schaffhauserstrasse 499, Zrich",47.4214355,8.5497151,"['supermarket', 'grocery_or_supermarket', 'food', 'point_of_interest', 'store', 'establishment']",ChIJ9VO6QJkKkEcR9pbYaUy0dJQ,8052,"Schaffhauserstrasse 499, 8052 Zrich, Switzerland",https://www.coop-pronto.ch/de/standort/zuerich-seebach/
Coop Supermarkt Opfikon Lindbergh-Allee,"Boulevard Lilienthal 20, Opfikon",47.4236087,8.5612035,"['supermarket', 'grocery_or_supermarket', 'food', 'point_of_interest', 'store', 'establishment']",ChIJZfcgyXSgmkcRZmwCz57a9lk,8152,"Boulevard Lilienthal 20, 8152 Opfikon, Switzerland",https://www.coop.ch/de/standorte/coop-supermarkt-opfikon-lindbergh-allee/4704_POS
Coop Vitality Opfikon,"Boulevard Lilienthal 12, Opfikon",47.4239146,8.5620327,"['pharmacy', 'health', 'point_of_interest', 'store', 'establishment']",ChIJp5h-znSgmkcRSRwJms7rG0c,8152,"Boulevard Lilienthal 12, 8152 Opfikon, Switzerland",https://www.coopvitality.ch/de/5166
Coop Vitality Wallisellen,"Bahnhofpl. 2, Wallisellen",47.4129254,8.5934135,"['pharmacy', 'health', 'point_of_interest', 'store', 'establishment']",ChIJ7S38w0-gmkcRgcEk3SwHv_A,8304,"Bahnhofpl. 2, 8304 Wallisellen, Switzerland",https://www.coopvitality.ch/de/5317
Coop Supermarkt Regensdorf Zentrum,"Im Zentrum 1, Regensdorf",47.4313556,8.4691487,"['supermarket', 'grocery_or_supermarket', 'food', 'point_of_interest', 'store', 'establishment']",ChIJP9wCHl4LkEcR5Blke61jVqE,8105,"Im Zentrum 1, 8105 Regensdorf, Switzerland",https://www.coop.ch/de/standorte/coop-supermarkt-regensdorf-zentrum/1506_POS
Coop Supermarkt Zrich Mhlackerstrasse,"Mhlackerstrasse 199, Zrich",47.4255113,8.4969846,"['supermarket', 'grocery_or_supermarket', 'food', 'point_of_interest', 'store', 'establishment']",ChIJRw4SNB0LkEcRWPYV38w7oL8,8046,"Mhlackerstrasse 199, 8046 Zrich, Switzerland",https://www.coop.ch/de/standorte/coop-supermarkt-zuerich-muehlackerstrasse/4557_POS
Coop Pronto Shop mit Tankstelle,"Schaffhauserstrasse 29, Opfikon",47.429355,8.5590463,"['gas_station', 'supermarket', 'grocery_or_supermarket', 'food', 'point_of_interest', 'store', 'establishment']",ChIJr7HeqqAKkEcR2cbR7mxntWM,8152,"Schaffhauserstrasse 29, 8152 Opfikon, Switzerland",https://www.coop-pronto.ch/de/standort/glattbrugg/
Coop Supermarkt Glattbrugg Bahnhof,"Europa-Strasse 4, Opfikon",47.4306251,8.5600504,"['supermarket', 'grocery_or_supermarket', 'food', 'point_of_interest', 'store', 'establishment']",ChIJlyRH3gmgmkcRi9bA_jZWBDw,8152,"Europa-Strasse 4, 8152 Opfikon, Switzerland",https://www.coop.ch/de/standorte/coop-supermarkt-glattbrugg-bahnhof/4888_POS
Coop Supermarkt Opfikon,"Talackerstrasse 68, Opfikon",47.4284888,8.563879499999999,"['supermarket', 'grocery_or_supermarket', 'food', 'point_of_interest', 'store', 'establishment']",ChIJMbmY4gWgmkcRIb56rtzCKPk,8152,"Talackerstrasse 68, 8152 Opfikon, Switzerland",https://www.coop.ch/de/standorte/coop-supermarkt-opfikon/1604_POS
Coop Supermarkt Regensdorf Rgi Mrt,"Feldstrasse 2, Regensdorf",47.4374853,8.474880299999999,"['supermarket', 'grocery_or_supermarket', 'food', 'point_of_interest', 'store', 'establishment']",ChIJP9wCHl4LkEcRHBAPVWFcWXI,8105,"Feldstrasse 2, 8105 Regensdorf, Switzerland",https://www.coop.ch/de/standorte/coop-supermarkt-regensdorf-raegi-maert/2572_POS
Coop Supermarkt Glattbrugg,"Schaffhauserstrasse 124, Opfikon",47.43435179999999,8.5669838,"['supermarket', 'grocery_or_supermarket', 'food', 'point_of_interest', 'store', 'establishment']",ChIJMbmY4gWgmkcRpormKuSjyTs,8152,"Schaffhauserstrasse 124, 8152 Opfikon, Switzerland",https://www.coop.ch/de/standorte/coop-supermarkt-glattbrugg/1411_POS
Migros Supermarkt,"Wallisellerstrasse 8, Opfikon",47.4342441,8.567730599999999,"['grocery_or_supermarket', 'supermarket', 'food', 'point_of_interest', 'store', 'establishment']",ChIJj1H28AWgmkcR65uWQ3Qlpaw,8152,"Wallisellerstrasse 8, 8152 Opfikon, Switzerland",https://filialen.migros.ch/de/migros-supermarkt-glattbrugg
