Migros Supermarkt,"Zrcherstrasse 15, Birmensdorf",47.3543302,8.4368917,"['grocery_or_supermarket', 'supermarket', 'food', 'point_of_interest', 'store', 'establishment']",ChIJI8HnhsoOkEcRtrizPct-sG0,8903,"Zrcherstrasse 15, 8903 Birmensdorf, Switzerland",https://filialen.migros.ch/de/migros-supermarkt-birmensdorf
Denner Discount,"Areal Sternen, Zrcherstrasse 110, Birmensdorf",47.359685,8.454051,"['supermarket', 'grocery_or_supermarket', 'food', 'point_of_interest', 'store', 'establishment']",ChIJF0thjUUJkEcRI7K0JlSg1K8,8903,"Areal Sternen, Zrcherstrasse 110, 8903 Birmensdorf, Switzerland",https://www.denner.ch/
Migros Supermarkt,"BRUNAUPARK, Giesshbelstrasse 65, Zrich",47.35838589999999,8.517647199999999,"['grocery_or_supermarket', 'supermarket', 'food', 'point_of_interest', 'store', 'establishment']",ChIJj0lFi-0JkEcRhd1Rz4cxhXc,8045,"BRUNAUPARK, Giesshbelstrasse 65, 8045 Zrich, Switzerland",https://filialen.migros.ch/de/migros-supermarkt-zuerich-brunaupark
Migros Take Away,"Giesshbelstrasse 65, Zrich",47.3582147,8.5173974,"['meal_takeaway', 'bakery', 'restaurant', 'food', 'point_of_interest', 'store', 'establishment']",ChIJQ_-nj-0JkEcRsAWWiWpZMNA,8045,"Giesshbelstrasse 65, 8045 Zrich, Switzerland",https://filialen.migros.ch/de/take-away-zuerich-brunaupark
migrolino Zrich Waffenplatz,"Waffenplatzstrasse 40, Zrich",47.3595097,8.5266129,"['supermarket', 'grocery_or_supermarket', 'food', 'point_of_interest', 'store', 'establishment']",ChIJm5NFmvoJkEcR09JW1-3sOxc,8002,"Waffenplatzstrasse 40, 8002 Zrich, Switzerland",http://www.migrolino.ch/
Migros Restaurant,"Giesshbelstrasse 65, Zrich",47.357909,8.5192228,"['restaurant', 'cafe', 'food', 'point_of_interest', 'establishment']",ChIJbcvO8u0JkEcREEkj4lRXHZs,8045,"Giesshbelstrasse 65, 8045 Zrich, Switzerland",https://filialen.migros.ch/de/migros-restaurant-zuerich-brunaupark
SportXX,"Brunaupark, Giesshbelstrasse 65, Zrich",47.358242,8.518068999999999,"['bicycle_store', 'point_of_interest', 'clothing_store', 'store', 'establishment']",ChIJWzO81-8JkEcRUA52RV3RXHg,8045,"Brunaupark, Giesshbelstrasse 65, 8045 Zrich, Switzerland",https://www.sportxx.ch/de/cp/store/0150453/sportxx-zuerich-brunaupark?utm_source=GoogleMaps&utm_medium=organic&utm_campaign=Z%C3%BCrich
Denner Discount,"Giesshbelstrasse 65, Zrich",47.358222,8.517876,"['supermarket', 'grocery_or_supermarket', 'food', 'point_of_interest', 'store', 'establishment']",ChIJj0lFi-0JkEcRYhg5KXUZkBE,8045,"Giesshbelstrasse 65, 8045 Zrich, Switzerland",https://www.denner.ch/
Migros Supermarkt,"Tessinerpl. 10, Zrich",47.36413049999999,8.5310291,"['grocery_or_supermarket', 'supermarket', 'food', 'point_of_interest', 'store', 'establishment']",ChIJ8_GqOdYJkEcRlyA5wY3lgh0,8002,"Tessinerpl. 10, 8002 Zrich, Switzerland",https://filialen.migros.ch/de/migros-supermarkt-zuerich-bahnhof-enge
migrolino Zrich Waffenplatz,"Waffenplatzstrasse 40, Zrich",47.3595094,8.5266133,"['supermarket', 'grocery_or_supermarket', 'food', 'point_of_interest', 'store', 'establishment']",ChIJm5NFmvoJkEcR09JW1-3sOxc,8002,"Waffenplatzstrasse 40, 8002 Zrich, Switzerland",http://www.migrolino.ch/
Migros Supermarkt,"Seefeldstrasse 111/113, Zrich",47.358365,8.5541587,"['grocery_or_supermarket', 'supermarket', 'food', 'point_of_interest', 'store', 'establishment']",ChIJs2st406nmkcRAbmB1ZVvu5Y,8008,"Seefeldstrasse 111/113, 8008 Zrich, Switzerland",https://filialen.migros.ch/de/migros-supermarkt-zuerich-hoeschgasse
Migros Supermarkt,"Forchstrasse 260, Zrich",47.3576042,8.5716275,"['grocery_or_supermarket', 'supermarket', 'food', 'point_of_interest', 'store', 'establishment']",ChIJvSPwpTGnmkcRfQMgzGhOoYI,8008,"Forchstrasse 260, 8008 Zrich, Switzerland",https://filialen.migros.ch/de/migros-supermarkt-zuerich-burgwies
Denner Express,"Forchstrasse 261, Zrich",47.35840169999999,8.5717004,"['supermarket', 'grocery_or_supermarket', 'food', 'point_of_interest', 'store', 'establishment']",ChIJ5XXFnjGnmkcRDBvusWEK2nQ,8032,"Forchstrasse 261, 8032 Zrich, Switzerland",https://www.denner.ch/
Migros Supermarkt,"Witikonerstrasse 293, Zrich",47.35909299999999,8.5856,"['grocery_or_supermarket', 'supermarket', 'food', 'point_of_interest', 'store', 'establishment']",ChIJVbosGiqnmkcRaO1Fr_17AEQ,8053,"Witikonerstrasse 293, 8053 Zrich, Switzerland",https://filialen.migros.ch/de/migros-supermarkt-zuerich-witikon-zentrum
VOI,"Loorenstrasse 35, Zrich",47.35985669999999,8.593812,"['supermarket', 'bakery', 'grocery_or_supermarket', 'food', 'health', 'point_of_interest', 'store', 'establishment']",ChIJ57vsnNOmmkcRJbXCUQ9vYSg,8053,"Loorenstrasse 35, 8053 Zrich, Switzerland",https://filialen.migros.ch/de/voi-voi-zuerich-witikon
Denner Discount,"Witikonerstrasse 299, Einkaufszentrum Witikon, Zrich",47.3584599,8.5862955,"['supermarket', 'grocery_or_supermarket', 'food', 'point_of_interest', 'store', 'establishment']",ChIJL6QEBCqnmkcRwHLBd3phqYw,8053,"Witikonerstrasse 299, Einkaufszentrum Witikon, 8053 Zrich, Switzerland",https://www.denner.ch/
Coop Supermarkt Zrich Witikonerstrasse,"Witikonerstrasse 409, Zrich",47.3602256,8.594670899999999,"['supermarket', 'grocery_or_supermarket', 'food', 'point_of_interest', 'store', 'establishment']",ChIJf599CtOmmkcRWHiWHxYCYGA,8053,"Witikonerstrasse 409, 8053 Zrich, Switzerland",https://www.coop.ch/de/standorte/coop-supermarkt-zuerich-witikonerstrasse/1416_POS
migrolino Birmensdorf,"Industriestrasse 1, Birmensdorf",47.3654398,8.429690599999999,"['supermarket', 'grocery_or_supermarket', 'food', 'point_of_interest', 'store', 'establishment']",ChIJ4Q2NTqUOkEcRdJ334CCgdqg,8903,"Industriestrasse 1, 8903 Birmensdorf, Switzerland",http://www.migrolino.ch/
Migros Supermarkt,"Zrcherstrasse 8, Uitikon",47.3682327,8.462667099999999,"['grocery_or_supermarket', 'supermarket', 'food', 'point_of_interest', 'store', 'establishment']",ChIJCUfywF4JkEcRk_49-0QlaqM,8142,"Zrcherstrasse 8, 8142 Uitikon, Switzerland",https://filialen.migros.ch/de/migros-supermarkt-uitikon-waldegg-2
migrolino Zrich Birmensdorferstrasse,"Birmensdorferstrasse 517, Zrich",47.36741079999999,8.494410199999999,"['supermarket', 'grocery_or_supermarket', 'food', 'point_of_interest', 'store', 'establishment']",ChIJIScCroEJkEcRbsFzBtV4S_0,8055,"Birmensdorferstrasse 517, 8055 Zrich, Switzerland",http://www.migrolino.ch/
Migros Supermarkt,"Birmensdorferstrasse 320, Zrich",47.3699558,8.5087195,"['grocery_or_supermarket', 'supermarket', 'food', 'point_of_interest', 'store', 'establishment']",ChIJlyh8cScKkEcRY3M2wmnjbVI,8055,"Birmensdorferstrasse 320, 8055 Zrich, Switzerland",https://filialen.migros.ch/de/migros-supermarkt-zuerich-wiedikon-m-maert
Denner Discount,"Birmensdorferstrasse 406, Zrich",47.369243,8.5030427,"['supermarket', 'grocery_or_supermarket', 'food', 'point_of_interest', 'store', 'establishment']",ChIJ1-qbi4cJkEcRC9R39anhyg4,8055,"Birmensdorferstrasse 406, 8055 Zrich, Switzerland",https://www.denner.ch/
Migros Supermarkt,"Birmensdorferstrasse 140, Zrich",47.3700773,8.520128399999999,"['grocery_or_supermarket', 'supermarket', 'food', 'point_of_interest', 'store', 'establishment']",ChIJfSSTTR4KkEcRF7QYJUbjEPU,8003,"Birmensdorferstrasse 140, 8003 Zrich, Switzerland",https://filialen.migros.ch/de/migros-supermarkt-zuerich-schmiede-wiedikon
Migros Take Away,"Birmensdorferstrasse 140, Zrich",47.3700513,8.520220199999999,"['meal_takeaway', 'bakery', 'restaurant', 'food', 'point_of_interest', 'store', 'establishment']",ChIJfSSTTR4KkEcR2tfL1h1o0rw,8003,"Birmensdorferstrasse 140, 8003 Zrich, Switzerland",https://filialen.migros.ch/de/take-away-zuerich-schmiede-wiedikon
Migros Supermarkt,"Stockerstrasse 47, Zrich",47.3683421,8.5341709,"['grocery_or_supermarket', 'supermarket', 'food', 'point_of_interest', 'store', 'establishment']",ChIJKehoGAIKkEcRoe1kqchOW68,8002,"Stockerstrasse 47, 8002 Zrich, Switzerland",https://filialen.migros.ch/de/migros-supermarkt-zuerich-stockerstrasse-m-express
Migros Bank,"Stockerstrasse 41, Zrich",47.367501,8.534496800000001,"['bank', 'finance', 'point_of_interest', 'establishment']",ChIJez3vAQIKkEcR2yCwYdhHFTw,8002,"Stockerstrasse 41, 8002 Zrich, Switzerland",https://www.migrosbank.ch/de/standorte.html/migros-bank-niederlassung-zuerich-stockerstrasse
Migros Fitnesspark Stockerhof,"Dreiknigstrasse 31A, Zrich",47.3663794,8.535049200000001,"['spa', 'restaurant', 'food', 'health', 'point_of_interest', 'establishment']",ChIJ-bbyT_8JkEcR2Db624_zfjk,8002,"Dreiknigstrasse 31A, 8002 Zrich, Switzerland",https://www.fitnesspark.ch/stockerhof/
Migros,"Falkenstrasse 19 - 21, Zrich",47.36543959999999,8.547797899999999,"['grocery_or_supermarket', 'supermarket', 'food', 'point_of_interest', 'store', 'establishment']",ChIJe6LeMFOnmkcRw2FC6oADh-Q,8008,"Falkenstrasse 19 - 21, 8008 Zrich, Switzerland",https://filialen.migros.ch/de/migros-supermarkt-zuerich-stadelhofen
Migros Supermarkt,"Kreuzpl. 20, Zrich",47.3645091,8.5537771,"['grocery_or_supermarket', 'supermarket', 'food', 'point_of_interest', 'store', 'establishment']",ChIJrZtsEZD8jkcRZSrPkC9Ynh8,8008,"Kreuzpl. 20, 8008 Zrich, Switzerland",https://filialen.migros.ch/de/migros-supermarkt-zuerich-kreuzplatz
Migros Take Away,"Kreuzpl. 20, Zrich",47.3646895,8.553918699999999,"['meal_takeaway', 'bakery', 'restaurant', 'food', 'point_of_interest', 'store', 'establishment']",ChIJyzwPOVOnmkcRZzVfO0PRE5I,8008,"Kreuzpl. 20, 8008 Zrich, Switzerland",https://filialen.migros.ch/de/take-away-zuerich-kreuzplatz
Migros Florissimo,"Kreuzpl. 20, Zrich",47.3647559,8.5538227,"['florist', 'point_of_interest', 'store', 'establishment']",ChIJh-lTWSunmkcRoavAYlOpPtk,8008,"Kreuzpl. 20, 8008 Zrich, Switzerland",https://filialen.migros.ch/de/florissimo-zuerich-kreuzplatz
Migros Restaurant,"Falkenstrasse 19 - 21, Zrich",47.3654649,8.5479404,"['restaurant', 'cafe', 'food', 'point_of_interest', 'establishment']",ChIJe6LeMFOnmkcR2cOwloDyUaA,8008,"Falkenstrasse 19 - 21, 8008 Zrich, Switzerland",https://filialen.migros.ch/de/migros-restaurant-zuerich-stadelhofen
Denner Express,"Hottingerstrasse 52, Zrich",47.3690299,8.5558873,"['supermarket', 'grocery_or_supermarket', 'food', 'point_of_interest', 'store', 'establishment']",ChIJDwsmspGhmkcREbIDOCNK_OE,8032,"Hottingerstrasse 52, 8032 Zrich, Switzerland",https://www.denner.ch/
Migros Supermarkt,"Albisriederstrasse 365, Zrich",47.3752046,8.4857195,"['grocery_or_supermarket', 'supermarket', 'food', 'point_of_interest', 'store', 'establishment']",ChIJT4C60NYLkEcR4go8AuAy9HE,8047,"Albisriederstrasse 365, 8047 Zrich, Switzerland",https://filialen.migros.ch/de/migros-supermarkt-zuerich-puent
Denner Discount,"Bockhornstrasse 1, Zrich",47.3759232,8.4840027,"['supermarket', 'grocery_or_supermarket', 'food', 'point_of_interest', 'store', 'establishment']",ChIJsfgqtNALkEcR9QRP5wFXWfw,8047,"Bockhornstrasse 1, 8047 Zrich, Switzerland",https://www.denner.ch/
migrolino Triemli,"Birmensdorferstrasse 484, Zrich",47.3685802,8.496631500000001,"['supermarket', 'grocery_or_supermarket', 'food', 'point_of_interest', 'store', 'establishment']",ChIJVUL56IAJkEcRDXaPF7oDxp8,8055,"Birmensdorferstrasse 484, 8055 Zrich, Switzerland",http://www.migrolino.ch/
Migros Restaurant,"Birmensdorferstrasse 320, Zrich",47.3700013,8.5085447,"['restaurant', 'cafe', 'food', 'point_of_interest', 'establishment']",ChIJ5TpvcCcKkEcRteLYxEwLus8,8055,"Birmensdorferstrasse 320, 8055 Zrich, Switzerland",https://filialen.migros.ch/de/migros-restaurant-zuerich-wiedikon-m-maert
migrolino fresh Zrich Albisriederplatz,"Badenerstrasse 339, Zrich",47.3778922,8.5108961,"['supermarket', 'grocery_or_supermarket', 'food', 'point_of_interest', 'store', 'establishment']",ChIJyQ0vB8QLkEcR0JgxrQCFjGM,8004,"Badenerstrasse 339, 8004 Zrich, Switzerland",http://www.migrolino.ch/
Denner Discount,"Birmensdorferstrasse 320, Zrich",47.3700752,8.5087124,"['supermarket', 'grocery_or_supermarket', 'food', 'point_of_interest', 'store', 'establishment']",ChIJfRXhcycKkEcRLB85VF63gpI,8055,"Birmensdorferstrasse 320, 8055 Zrich, Switzerland",https://www.denner.ch/
Migros Supermarkt,"Wengistrasse 7, Zrich",47.374944,8.523068,"['grocery_or_supermarket', 'supermarket', 'food', 'point_of_interest', 'store', 'establishment']",ChIJ3_pzcxkKkEcRcqDQcszcT6Y,8004,"Wengistrasse 7, 8004 Zrich, Switzerland",https://filialen.migros.ch/de/migros-supermarkt-zuerich-wengihof
Migros Take Away,"Wengistrasse 7, Zrich",47.3749042,8.5231324,"['meal_takeaway', 'bakery', 'restaurant', 'food', 'point_of_interest', 'store', 'establishment']",ChIJfSSTTR4KkEcReDZ-kLXar9A,8004,"Wengistrasse 7, 8004 Zrich, Switzerland",https://filialen.migros.ch/de/take-away-zuerich-wengihof
Denner Express,"Wengistrasse 7, Zrich",47.37488219999999,8.5234249,"['supermarket', 'grocery_or_supermarket', 'food', 'point_of_interest', 'store', 'establishment']",ChIJ_cf9chkKkEcRLEb_m-Msmqw,8004,"Wengistrasse 7, 8004 Zrich, Switzerland",https://www.denner.ch/
Migros,"Lwenstrasse 31-35, Zrich",47.37538319999999,8.5360797,"['grocery_or_supermarket', 'supermarket', 'food', 'point_of_interest', 'store', 'establishment']",ChIJebvE0AUKkEcRli-dLu8vFaM,8001,"Lwenstrasse 31-35, 8001 Zrich, Switzerland",https://filialen.migros.ch/de/migros-supermarkt-zuerich-city
Migros Supermarkt,"ShopVille - Zrich Hauptbahnhof, Zrich",47.3770993,8.5393882,"['grocery_or_supermarket', 'supermarket', 'food', 'point_of_interest', 'store', 'establishment']",ChIJIZbEjggKkEcRw__ZfGwKmTA,8001,"ShopVille - Zrich Hauptbahnhof, 8001 Zrich, Switzerland",https://filialen.migros.ch/de/migros-supermarkt-zuerich-shopvillemaert
Billett-Service Migros,"Lwenstrasse 35, Zrich",47.3752656,8.536159999999999,"['grocery_or_supermarket', 'food', 'point_of_interest', 'store', 'establishment']",ChIJwdBe3AUKkEcRCwqNrjXlXBM,8001,"Lwenstrasse 35, 8001 Zrich, Switzerland",NaN
migrolino fresh Zrich Lwenstrasse,"Lwenstrasse 2, Zrich",47.3729829,8.534700899999999,"['supermarket', 'grocery_or_supermarket', 'food', 'point_of_interest', 'store', 'establishment']",ChIJabhIdIcLkEcRLJVQ58SSRHc,8001,"Lwenstrasse 2, 8001 Zrich, Switzerland",http://www.migrolino.ch/
Migros Take Away,"Lwenstrasse 31-35, Zrich",47.37538319999999,8.5360797,"['meal_takeaway', 'bakery', 'restaurant', 'food', 'point_of_interest', 'store', 'establishment']",ChIJicVfxQUKkEcRECe44SXXvac,8001,"Lwenstrasse 31-35, 8001 Zrich, Switzerland",https://filialen.migros.ch/de/take-away-zuerich-city
melectronics,"Lwenstrasse 31-35, Zrich",47.37538319999999,8.5360797,"['movie_rental', 'electronics_store', 'home_goods_store', 'point_of_interest', 'store', 'establishment']",ChIJebvE0AUKkEcRKLZdm13vdag,8001,"Lwenstrasse 31-35, 8001 Zrich, Switzerland",https://www.melectronics.ch/de/cp/store/0150461/melectronics-zuerich-city?utm_source=GoogleMaps&utm_medium=organic&utm_campaign=Z%C3%BCrich
SUN STORE Migros City Zrich,"Lwenstrasse 31/35, Zrich",47.3754389,8.5360627,"['pharmacy', 'drugstore', 'health', 'point_of_interest', 'clothing_store', 'store', 'establishment']",ChIJicVfxQUKkEcRLuwsEeDJy0s,8001,"Lwenstrasse 31/35, 8001 Zrich, Switzerland",https://www.sunstore.ch/fr?utm_source=google&utm_medium=organic&utm_campaign=googlemybusiness&utm_term=sunstore-zuerich-migros-city
Migros Bank,"Seidengasse 12, Zrich",47.37503599999999,8.537648299999999,"['bank', 'finance', 'point_of_interest', 'establishment']",ChIJ72sra1GgmkcRrf7kZ4KW75U,8001,"Seidengasse 12, 8001 Zrich, Switzerland",https://www.migrosbank.ch/de/standorte.html/migros-bank-niederlassung-zuerich
Parkgarage Migros City Lwenstrasse,"Migros Supermarkt, Lwenstrasse 35, Zrich",47.3751737,8.5362066,"['parking', 'point_of_interest', 'establishment']",ChIJuz1DgSgLkEcRB3wqUyz6bZw,8001,"Migros Supermarkt, Lwenstrasse 35, 8001 Zrich, Switzerland",https://www.migros-city.ch/de/services.html
Migros Take Away/Gourmessa,"Rathausbrcke, Zrich",47.37172109999999,8.5421903,"['meal_takeaway', 'bakery', 'restaurant', 'food', 'point_of_interest', 'store', 'establishment']",ChIJe__s_qmgmkcR-dhmuVeEG_w,8001,"Rathausbrcke, 8001 Zrich, Switzerland",NaN
Migros-Pensionskasse,"In der Fadmatt 42, Urdorf",47.3811673,8.429512299999999,"['point_of_interest', 'establishment']",ChIJBwk03hsMkEcRkyVHucc4pcw,8902,"In der Fadmatt 42, 8902 Urdorf, Switzerland",NaN
migrolino Zrich Rautistrasse,"Rautistrasse 32, Zrich",47.3812262,8.492064599999999,"['supermarket', 'grocery_or_supermarket', 'food', 'point_of_interest', 'store', 'establishment']",ChIJveXMlc0LkEcRWZQ2vZgEn3o,8047,"Rautistrasse 32, 8047 Zrich, Switzerland",http://www.migrolino.ch/
migrolino Zrich Rautistrasse,"Rautistrasse 12, Zrich",47.3803952,8.4941517,"['supermarket', 'grocery_or_supermarket', 'food', 'point_of_interest', 'store', 'establishment']",ChIJTwogqYkLkEcRd11qtCOWbc4,8047,"Rautistrasse 12, 8047 Zrich, Switzerland",http://www.migrolino.ch/
Migros Supermarkt,"Badenerstrasse 376, Zrich",47.3791051,8.5087542,"['grocery_or_supermarket', 'supermarket', 'food', 'point_of_interest', 'store', 'establishment']",ChIJP2csREgKkEcRBKI93d184H0,8004,"Badenerstrasse 376, 8004 Zrich, Switzerland",https://filialen.migros.ch/de/migros-supermarkt-zuerich-albisriederplatz
migrolino Zrich Hardau,"Bullingerstrasse 73, Zrich",47.3814267,8.510088999999999,"['supermarket', 'grocery_or_supermarket', 'food', 'point_of_interest', 'store', 'establishment']",ChIJ1_vqWDoKkEcRO-q7gx6134o,8004,"Bullingerstrasse 73, 8004 Zrich, Switzerland",http://www.migrolino.ch/
migrolino fresh Zrich Langstrasse,"Langstrasse 134, Zrich",47.3798155,8.5279692,"['supermarket', 'grocery_or_supermarket', 'food', 'point_of_interest', 'store', 'establishment']",ChIJrYeh4RAKkEcROh_MTyUAbSY,8004,"Langstrasse 134, 8004 Zrich, Switzerland",http://www.migrolino.ch/
Migros Supermarkt,"Sihlpassage, Zrich",47.3784015,8.535615,"['grocery_or_supermarket', 'supermarket', 'food', 'point_of_interest', 'store', 'establishment']",ChIJjx7_F9YLkEcRPih1Q_-rqP4,8004,"Sihlpassage, 8004 Zrich, Switzerland",https://filialen.migros.ch/de/migros-supermarkt-zuerich-hb-sihlquai
Migros Supermarkt,"Hauptbahnhof, Zrich",47.3782609,8.5402757,"['grocery_or_supermarket', 'supermarket', 'food', 'point_of_interest', 'store', 'establishment']",ChIJS6CT8QgKkEcRwqhtQkVOTUI,8001,"Hauptbahnhof, 8001 Zrich, Switzerland",https://filialen.migros.ch/de/migros-supermarkt-zuerich-hauptbahnhof
Migros Supermarkt (mit Daily Produkten),"Zollstrasse 6, Zrich",47.3798176,8.5369492,"['grocery_or_supermarket', 'supermarket', 'food', 'point_of_interest', 'store', 'establishment']",ChIJRdQI-WgLkEcRmzFe5a0pjkY,8005,"Zollstrasse 6, 8005 Zrich, Switzerland",https://filialen.migros.ch/de/migros-daily-take-away-daily-zuerich-zollstrasse-2
Migros Take Away,"Sihlpassage, Zrich",47.3782094,8.536004499999999,"['meal_takeaway', 'bakery', 'restaurant', 'food', 'point_of_interest', 'store', 'establishment']",ChIJH7m2i0ILkEcRZpaPlFz99RY,8004,"Sihlpassage, 8004 Zrich, Switzerland",https://filialen.migros.ch/de/take-away-zuerich-hb-sihlquai
Migros,"Bahnhofstrasse, Zrich",47.3784278,8.5402537,"['meal_takeaway', 'bakery', 'restaurant', 'food', 'point_of_interest', 'store', 'establishment']",ChIJ3aef-ggKkEcR-pa3dFA3DDY,8001,"Bahnhofstrasse, 8001 Zrich, Switzerland",https://filialen.migros.ch/de/take-away-zuerich-hauptbahnhof
migrolino,"Bahnhofquai Hauptbahnhof, Zrich",47.37788,8.5411998,"['supermarket', 'grocery_or_supermarket', 'food', 'point_of_interest', 'store', 'establishment']",ChIJd8y6vAgKkEcRaFgy3lgjfcs,8001,"Bahnhofquai Hauptbahnhof, 8001 Zrich, Switzerland",http://www.migrolino.ch/
migrolino Zrich Lagerstrasse,"Lagerstrasse 101, Zrich",47.3794244,8.529411399999999,"['supermarket', 'grocery_or_supermarket', 'food', 'point_of_interest', 'store', 'establishment']",ChIJy_384qMLkEcRy4M56lagzoU,8004,"Lagerstrasse 101, 8004 Zrich, Switzerland",http://www.migrolino.ch/
Migros Supermarkt,"Toblerstrasse 73, Zrich",47.379307,8.559392599999999,"['grocery_or_supermarket', 'supermarket', 'food', 'point_of_interest', 'store', 'establishment']",ChIJzwvLd7ugmkcR0PWkijPdm54,8044,"Toblerstrasse 73, 8044 Zrich, Switzerland",https://filialen.migros.ch/de/migros-supermarkt-zuerich-toblerplatz
Migros Supermarkt,"Birmensdorferstrasse 87, Urdorf",47.3850391,8.4217389,"['grocery_or_supermarket', 'supermarket', 'food', 'point_of_interest', 'store', 'establishment']",ChIJ1wh82yIMkEcRD-SIel5TORA,8902,"Birmensdorferstrasse 87, 8902 Urdorf, Switzerland",https://filialen.migros.ch/de/migros-supermarkt-urdorf-spitzacker
Denner Discount,"Birmensdorferstrasse 79 Einkaufszentrum Spitzacker, Urdorf",47.3850777,8.422424,"['supermarket', 'grocery_or_supermarket', 'food', 'point_of_interest', 'store', 'establishment']",ChIJnxYqzCIMkEcR6UvsYaJGSqg,8902,"Birmensdorferstrasse 79 Einkaufszentrum Spitzacker, 8902 Urdorf, Switzerland",https://www.denner.ch/
Coop Supermarkt Urdorf,"Birmensdorferstrasse 79, Urdorf",47.38488340000001,8.4222555,"['supermarket', 'grocery_or_supermarket', 'food', 'point_of_interest', 'store', 'establishment']",ChIJnxYqzCIMkEcRDDbR5DPSKIU,8902,"Birmensdorferstrasse 79, 8902 Urdorf, Switzerland",https://www.coop.ch/de/standorte/coop-supermarkt-urdorf/4866_POS
migrolino Zrich Farbhof,"Karstlernstrasse 2, Zrich",47.3904603,8.4789204,"['supermarket', 'grocery_or_supermarket', 'food', 'point_of_interest', 'store', 'establishment']",ChIJuwfczBELkEcR62eLJhBRuy4,8048,"Karstlernstrasse 2, 8048 Zrich, Switzerland",http://www.migrolino.ch/
Migros Supermarkt,"Neumarkt Altstetten, Altstetterstrasse 145, Zrich",47.3882164,8.4873808,"['grocery_or_supermarket', 'supermarket', 'food', 'point_of_interest', 'store', 'establishment']",ChIJhwIxe8gLkEcRG-YkJJT2BCk,8048,"Neumarkt Altstetten, Altstetterstrasse 145, 8048 Zrich, Switzerland",https://filialen.migros.ch/de/migros-supermarkt-zuerich-altstetten-neumarkt
MIGROS Markthalle,"Altstetterstrasse 133, Zrich",47.38900659999999,8.4869928,"['supermarket', 'grocery_or_supermarket', 'food', 'point_of_interest', 'store', 'establishment']",ChIJa2KRqqkLkEcRvP2wROxuDuU,8048,"Altstetterstrasse 133, 8048 Zrich, Switzerland",NaN
Migros Supermarkt,"Hohlstrasse 600, Zrich",47.3913612,8.4877977,"['grocery_or_supermarket', 'supermarket', 'food', 'point_of_interest', 'store', 'establishment']",ChIJfQVo8bcLkEcRIczzTEiuxuA,8048,"Hohlstrasse 600, 8048 Zrich, Switzerland",https://filialen.migros.ch/de/migros-supermarkt-zuerich-altstetten-m-express
Migros Take Away,"Altstetterstrasse 145, Zrich",47.3884037,8.4871042,"['meal_takeaway', 'bakery', 'restaurant', 'food', 'point_of_interest', 'store', 'establishment']",ChIJcRmrZcgLkEcRMoDp4n8v6ZE,8048,"Altstetterstrasse 145, 8048 Zrich, Switzerland",https://filialen.migros.ch/de/take-away-zuerich-altstetten-neumarkt
melectronics,"Neumarkt Altstetten, Altstetterstrasse 145, Zrich",47.388346,8.487036,"['movie_rental', 'electronics_store', 'home_goods_store', 'point_of_interest', 'store', 'establishment']",ChIJN4HxZMgLkEcRSIgkuX3CQcA,8048,"Neumarkt Altstetten, Altstetterstrasse 145, 8048 Zrich, Switzerland",https://www.melectronics.ch/de/cp/store/0150478/melectronics-zuerich-altstetten-neumarkt?utm_source=GoogleMaps&utm_medium=organic&utm_campaign=Z%C3%BCrich
Migros Bank,"Badenerstrasse 670, Zrich",47.3877036,8.4870565,"['bank', 'finance', 'point_of_interest', 'establishment']",ChIJAcyhicgLkEcRSE-n1yOXIjI,8048,"Badenerstrasse 670, 8048 Zrich, Switzerland",https://www.migrosbank.ch/de/standorte.html/migros-bank-niederlassung-zuerich-altstetten
Denner Discount,"im OG, Altstetterstrasse 145, Zrich",47.3884662,8.486958999999999,"['supermarket', 'grocery_or_supermarket', 'food', 'point_of_interest', 'store', 'establishment']",ChIJaftNnMgLkEcRZBKdvF_jL_8,8048,"im OG, Altstetterstrasse 145, 8048 Zrich, Switzerland",https://www.denner.ch/
migrolino Hohlstrasse,"Hohlstrasse 544, Zrich",47.3904427,8.4911794,"['supermarket', 'grocery_or_supermarket', 'food', 'point_of_interest', 'store', 'establishment']",ChIJWy22IbYLkEcR0Pz8SVXcPJ0,8048,"Hohlstrasse 544, 8048 Zrich, Switzerland",http://www.migrolino.ch/
Migros Restaurant,"Altstetterstrasse 145, Zrich",47.3883843,8.4874986,"['restaurant', 'cafe', 'food', 'point_of_interest', 'establishment']",ChIJqSapZ8gLkEcRuiIx7ezjkxU,8048,"Altstetterstrasse 145, 8048 Zrich, Switzerland",https://filialen.migros.ch/de/migros-restaurant-zuerich-altstetten-neumarkt
Denner Discount,"Baslerstrasse 50, Zrich",47.38579319999999,8.499642300000001,"['supermarket', 'grocery_or_supermarket', 'food', 'point_of_interest', 'store', 'establishment']",ChIJ7cqQxDQKkEcRmROfYcw7PUU,8048,"Baslerstrasse 50, 8048 Zrich, Switzerland",https://www.denner.ch/
Migros-Supermarkt,"Pfingstweidstrasse 101, Zrich",47.3902225,8.508951999999999,"['grocery_or_supermarket', 'supermarket', 'food', 'point_of_interest', 'store', 'establishment']",ChIJP2csREgKkEcRSAGtX2mbhGM,8005,"Pfingstweidstrasse 101, 8005 Zrich, Switzerland",https://filialen.migros.ch/de/migros-supermarkt-zuerich-herdern
Genossenschaft Migros Zrich,"Pfingstweidstrasse 101, Zrich",47.3901134,8.5073659,"['point_of_interest', 'establishment']",ChIJOc3UyUkKkEcR-D_lCihDIYw,8005,"Pfingstweidstrasse 101, 8005 Zrich, Switzerland",NaN
Migros Take Away,"Pfingstweidstrasse 101, Zrich",47.38985479999999,8.5073829,"['meal_takeaway', 'bakery', 'restaurant', 'food', 'point_of_interest', 'store', 'establishment']",ChIJbcvO8u0JkEcRHoX-ldCMcaI,8005,"Pfingstweidstrasse 101, 8005 Zrich, Switzerland",https://filialen.migros.ch/de/take-away-zuerich-herdern
Migros Supermarkt,"Hardturmstrasse 11, Zrich",47.391336,8.518552999999999,"['grocery_or_supermarket', 'supermarket', 'food', 'point_of_interest', 'store', 'establishment']",ChIJP2csREgKkEcRi_XFDJQZXFw,8005,"Hardturmstrasse 11, 8005 Zrich, Switzerland",https://filialen.migros.ch/de/migros-supermarkt-zuerich-puls-5-m-express
Migros Museum fr Gegenwartskunst,"Limmatstrasse 270, Zrich",47.3892851,8.5248797,"['tourist_attraction', 'museum', 'point_of_interest', 'establishment']",ChIJK8Ni7moKkEcRTqzHs_nJYu0,8005,"Limmatstrasse 270, 8005 Zrich, Switzerland",http://www.migrosmuseum.ch/
Migros-Genossenschafts-Bund Group IT,"Heinrichstrasse 216, Zrich",47.3883466,8.5243445,"['point_of_interest', 'establishment']",ChIJldV_yGoKkEcRI4Mzzr6LPmQ,8005,"Heinrichstrasse 216, 8005 Zrich, Switzerland",NaN
Arbeit Migros,"Josefstrasse 212, Zrich",47.38707290000001,8.5231174,"['point_of_interest', 'establishment']",ChIJidhu1vYLkEcRmmv6yyMb5zg,8005,"Josefstrasse 212, 8005 Zrich, Switzerland",NaN
Migros Supermarkt,"Limmatstrasse 152, Zrich",47.3854632,8.5314088,"['grocery_or_supermarket', 'supermarket', 'food', 'point_of_interest', 'store', 'establishment']",ChIJS6CT8QgKkEcRVC558wYywsQ,8005,"Limmatstrasse 152, 8005 Zrich, Switzerland",https://filialen.migros.ch/de/migros-supermarkt-zuerich-limmatplatz
Migros-Magazin,"Limmatstrasse 152, Zrich",47.38537609999999,8.5310691,"['store', 'point_of_interest', 'establishment']",ChIJV2Uc4xIKkEcRQfKaqnSZmLE,8005,"Limmatstrasse 152, 8005 Zrich, Switzerland",NaN
Migros-Genossenschafts-Bund,"Limmatstrasse 152, Zrich",47.3851138,8.5312816,"['point_of_interest', 'establishment']",ChIJV2Uc4xIKkEcRL8nNIyoKzyw,8005,"Limmatstrasse 152, 8005 Zrich, Switzerland",https://www.migros.ch/de/unternehmen.html
Migusto - die Kochplattform der Migros,"Limmatstrasse 152, Zrich",47.3857136,8.5321936,"['food', 'point_of_interest', 'establishment']",ChIJISgOWhUKkEcRjrG05hbpja4,8031,"Limmatstrasse 152, 8031 Zrich, Switzerland",http://www.migusto.ch/
migrolino Zrich Sihlquai,"Sihlquai 155, Zrich",47.3860452,8.5319444,"['supermarket', 'grocery_or_supermarket', 'food', 'point_of_interest', 'store', 'establishment']",ChIJvxOlvAgKkEcRDTvZPZ3agfY,8005,"Sihlquai 155, 8005 Zrich, Switzerland",http://www.migrolino.ch/
Klubschule Migros,"Limmatstrasse 152, Zrich",47.38549,8.531846,"['gym', 'health', 'point_of_interest', 'establishment']",ChIJV2Uc4xIKkEcRaS2VoTAJ4a4,8005,"Limmatstrasse 152, 8005 Zrich, Switzerland",https://www.klubschule.ch/Standorte/Zuerich/Zuerich/Zuerich-Limmatplatz
melectronics,"Limmatplatz, Limmatstrasse 152, Zrich",47.3852972,8.5313574,"['movie_rental', 'electronics_store', 'home_goods_store', 'point_of_interest', 'store', 'establishment']",ChIJV2Uc4xIKkEcRmX1jLs90oSI,8005,"Limmatplatz, Limmatstrasse 152, 8005 Zrich, Switzerland",https://www.melectronics.ch/de/cp/store/0150475/melectronics-zuerich-limmatplatz?utm_source=GoogleMaps&utm_medium=organic&utm_campaign=Z%C3%BCrich
Migros Supermarkt,"Winterthurerstrasse 2/4, Zrich",47.3860603,8.548691,"['grocery_or_supermarket', 'supermarket', 'food', 'point_of_interest', 'store', 'establishment']",ChIJazOmhZ-gmkcRAKhgefA24EM,8006,"Winterthurerstrasse 2/4, 8006 Zrich, Switzerland",https://filialen.migros.ch/de/migros-supermarkt-zuerich-rigiplatz
Migros Take Away,"Winterthurerstrasse 2, Zrich",47.3859051,8.548694099999999,"['meal_takeaway', 'bakery', 'restaurant', 'food', 'point_of_interest', 'store', 'establishment']",ChIJrVE-hJ-gmkcRpg2TbFxvL68,8006,"Winterthurerstrasse 2, 8006 Zrich, Switzerland",https://filialen.migros.ch/de/take-away-zuerich-rigiplatz
Migros Supermarkt,"Badenerstrasse 57, Schlieren",47.3961273,8.4377924,"['grocery_or_supermarket', 'supermarket', 'food', 'point_of_interest', 'store', 'establishment']",ChIJnTSJA20MkEcRmkLVGiV0lqg,8952,"Badenerstrasse 57, 8952 Schlieren, Switzerland",https://filialen.migros.ch/de/migros-supermarkt-schlieren-kesslerplatz
Denner Express,"Freiestrasse 52, Schlieren",47.396083,8.439446,"['supermarket', 'grocery_or_supermarket', 'food', 'point_of_interest', 'store', 'establishment']",ChIJtVUAfG0MkEcRdmOIjNFAbCY,8952,"Freiestrasse 52, 8952 Schlieren, Switzerland",https://www.denner.ch/
migrolino Schlieren,"Badenerstrasse 41, Schlieren",47.3963617,8.4403674,"['supermarket', 'grocery_or_supermarket', 'food', 'point_of_interest', 'store', 'establishment']",ChIJnVwOsHYMkEcRMv3igsBzE0Q,8952,"Badenerstrasse 41, 8952 Schlieren, Switzerland",http://www.migrolino.ch/
VOI,"Grnauring 37, Zrich",47.3960893,8.4864944,"['supermarket', 'bakery', 'grocery_or_supermarket', 'food', 'health', 'point_of_interest', 'store', 'establishment']",ChIJPT0XO7oLkEcR5cNBBVyfvJE,8064,"Grnauring 37, 8064 Zrich, Switzerland",https://filialen.migros.ch/de/voi-voi-zuerich-gruenau
Denner Express,"Lindenpl. 4, Zrich",47.3872504,8.4860262,"['supermarket', 'grocery_or_supermarket', 'food', 'point_of_interest', 'store', 'establishment']",ChIJK_lNnMgLkEcRD55AmaRKXCI,8048,"Lindenpl. 4, 8048 Zrich, Switzerland",https://www.denner.ch/
Migros Club Schools Zurich Altstetten,"Vulkanpl. 8, Zrich",47.3917745,8.4919014,"['gym', 'health', 'point_of_interest', 'establishment']",ChIJYW8RdLcLkEcRoPl_oX59AiA,8048,"Vulkanpl. 8, 8048 Zrich, Switzerland",https://www.klubschule.ch/Standorte/Zuerich/Zuerich/Zuerich-Altstetten
Parkplatz Migros,"Pfingstweidstrasse 101, Zrich",47.3902727,8.507417499999999,"['parking', 'point_of_interest', 'establishment']",ChIJBw5DbgILkEcR8zD7S2M1B6o,8005,"Pfingstweidstrasse 101, 8005 Zrich, Switzerland",http://migros.ch/
Ausgleichskasse der Migros Betriebe,"Wiesenstrasse 15, Schlieren",47.3912899,8.508289099999999,"['point_of_interest', 'establishment']",ChIJVVVVVUgKkEcRtcFbrPcMSTI,8952,"Wiesenstrasse 15, 8952 Schlieren, Switzerland",https://akmigros.ch/
Deli Factory - Lebensmittelproduktion der Migros Zrich,"Pfingstweidstrasse 101 Betriebszentrale Herdern, Zrich",47.3902727,8.507417499999999,"['food', 'point_of_interest', 'establishment']",ChIJtYZdJNgLkEcROZt6VPJVXZQ,8005,"Pfingstweidstrasse 101 Betriebszentrale Herdern, 8005 Zrich, Switzerland",https://www.migros.ch/de/genossenschaften/migros-zuerich.html
VOI Migros Partner,Zrich,47.3953139,8.5183428,"['supermarket', 'grocery_or_supermarket', 'food', 'point_of_interest', 'store', 'establishment']",ChIJNSxIal0LkEcRAGefUzc2NVo,8037,"8037 Zrich, Switzerland",https://www.voi-migrospartner.ch/
Migros Supermarkt,"Scheffelstrasse 3, Zrich",47.3936978,8.5292442,"['grocery_or_supermarket', 'supermarket', 'food', 'point_of_interest', 'store', 'establishment']",ChIJLxZ8OWkKkEcRoMGRw8QAStI,8037,"Scheffelstrasse 3, 8037 Zrich, Switzerland",https://filialen.migros.ch/de/migros-supermarkt-zuerich-wipkingen
Migros,"Schaffhauserstrasse 75, Zrich",47.3925449,8.5384839,"['grocery_or_supermarket', 'supermarket', 'food', 'point_of_interest', 'store', 'establishment']",ChIJlRZDn3EKkEcRWFjwece2Dn4,8057,"Schaffhauserstrasse 75, 8057 Zrich, Switzerland",https://filialen.migros.ch/de/migros-supermarkt-zuerich-schaffhauserplatz
Migros Supermarkt,"Am Stadtrand 5, Dbendorf",47.3969345,8.5970268,"['grocery_or_supermarket', 'supermarket', 'food', 'point_of_interest', 'store', 'establishment']",ChIJO_Bi-uGhmkcRqHw0ErA25dI,8600,"Am Stadtrand 5, 8600 Dbendorf, Switzerland",https://filialen.migros.ch/de/migros-supermarkt-duebendorf-stettbach
migrolino Dbendorf Sonnental,"Zrichstrasse 89, Dbendorf",47.3955583,8.606041,"['supermarket', 'grocery_or_supermarket', 'food', 'point_of_interest', 'store', 'establishment']",ChIJryrb_gOhmkcR7yZZ9EAXt0Q,8600,"Zrichstrasse 89, 8600 Dbendorf, Switzerland",http://www.migrolino.ch/
Migros Supermarkt,"Rietbachstrasse 14, Schlieren",47.4004418,8.4350087,"['grocery_or_supermarket', 'supermarket', 'food', 'point_of_interest', 'store', 'establishment']",ChIJ1UHhhy0NkEcRLpBuuvXgtDc,8952,"Rietbachstrasse 14, 8952 Schlieren, Switzerland",https://filialen.migros.ch/de/migros-supermarkt-schlieren-rietbach
Denner Discount,"Rietbachstrasse 14, Schlieren",47.400616,8.4352448,"['supermarket', 'grocery_or_supermarket', 'food', 'point_of_interest', 'store', 'establishment']",ChIJV3OxQlgNkEcRMDPYbvIeo7c,8952,"Rietbachstrasse 14, 8952 Schlieren, Switzerland",https://www.denner.ch/
Migros Supermarkt,"Gterstrasse 5, Schlieren",47.3983518,8.447123,"['grocery_or_supermarket', 'supermarket', 'food', 'point_of_interest', 'store', 'establishment']",ChIJBXdqqnYMkEcRKZWiLP4YA8U,8952,"Gterstrasse 5, 8952 Schlieren, Switzerland",https://filialen.migros.ch/de/migros-supermarkt-schlieren-zentrum
Migros-Pensionskasse,"Wiesenstrasse 15, Schlieren",47.3994981,8.442530999999999,"['point_of_interest', 'establishment']",ChIJyzjxpscLkEcRvg1svYofRT8,8952,"Wiesenstrasse 15, 8952 Schlieren, Switzerland",http://www.mpk.ch/
Migros-Pensionskasse,"Gterstrasse 26, Schlieren",47.3985576,8.442853,"['local_government_office', 'point_of_interest', 'establishment']",ChIJBZ4OiHEMkEcRZeQNq-ZEd9s,8952,"Gterstrasse 26, 8952 Schlieren, Switzerland",https://www.mpk.ch/
Coop Supermarkt Schlieren Rietpark,"Goldschlgipl. 5, Schlieren",47.3997563,8.4418133,"['supermarket', 'grocery_or_supermarket', 'food', 'point_of_interest', 'store', 'establishment']",ChIJr2dX33EMkEcR6Om4SqsKZXw,8952,"Goldschlgipl. 5, 8952 Schlieren, Switzerland",https://www.coop.ch/de/standorte/coop-supermarkt-schlieren-rietpark/4689_POS
migrolino Schlieren,"Gterstrasse 3, Schlieren",47.3988491,8.4474854,"['supermarket', 'grocery_or_supermarket', 'food', 'point_of_interest', 'store', 'establishment']",ChIJnVwOsHYMkEcRw6TEPj-Dfv0,8952,"Gterstrasse 3, 8952 Schlieren, Switzerland",http://www.migrolino.ch/
Denner Discount,"Einkaufszentrum Lilie, Uitikonerstrasse 9, Schlieren",47.39682939999999,8.448775699999999,"['supermarket', 'grocery_or_supermarket', 'food', 'point_of_interest', 'store', 'establishment']",ChIJwfYnSnQMkEcRO6E1Ik2TWes,8952,"Einkaufszentrum Lilie, Uitikonerstrasse 9, 8952 Schlieren, Switzerland",https://www.denner.ch/
Denner Express,"Gterstrasse 4/6, Schlieren",47.39890030000001,8.446334199999999,"['supermarket', 'grocery_or_supermarket', 'food', 'point_of_interest', 'store', 'establishment']",ChIJ6044WzcNkEcR2X3vRE8L6Sw,8952,"Gterstrasse 4/6, 8952 Schlieren, Switzerland",https://www.denner.ch/
Migros Supermarkt,"Regensdorferstrasse 20, Zrich",47.4037541,8.4971855,"['grocery_or_supermarket', 'supermarket', 'food', 'point_of_interest', 'store', 'establishment']",ChIJ92HZaqwLkEcReaQdY-aJ7WQ,8049,"Regensdorferstrasse 20, 8049 Zrich, Switzerland",https://filialen.migros.ch/de/migros-supermarkt-zuerich-hoengg
Alnatura Bio Super Markt,"Kappenbhlweg 5, Zrich",47.4033686,8.4980183,"['grocery_or_supermarket', 'food', 'point_of_interest', 'store', 'establishment']",ChIJR3tEQKwLkEcRkq_X0hE7IEY,8049,"Kappenbhlweg 5, 8049 Zrich, Switzerland",https://alnatura.migros.ch/de/filialfinder#alnatura-bio-super-markt-alnatura-bio-super-markt-zuerich-hoengg
Denner Express,"Hofwiesenstrasse 135, Zrich",47.3990363,8.5325936,"['supermarket', 'grocery_or_supermarket', 'food', 'point_of_interest', 'store', 'establishment']",ChIJ3cTFzWUKkEcRG6wbHPiptdE,8057,"Hofwiesenstrasse 135, 8057 Zrich, Switzerland",https://www.denner.ch/
Migros Supermarkt,"Winterthurerstrasse 524, Zrich",47.4039944,8.5729583,"['grocery_or_supermarket', 'supermarket', 'food', 'point_of_interest', 'store', 'establishment']",ChIJNf461GGgmkcRAkbN-OIoL8g,8051,"Winterthurerstrasse 524, 8051 Zrich, Switzerland",https://filialen.migros.ch/de/migros-supermarkt-zuerich-schwamendingen
Migros Supermarkt,"Neugutstrasse 83, Dbendorf",47.4014347,8.6034625,"['grocery_or_supermarket', 'supermarket', 'food', 'point_of_interest', 'store', 'establishment']",ChIJH_llnQChmkcRwKoBGOEzcek,8600,"Neugutstrasse 83, 8600 Dbendorf, Switzerland",https://filialen.migros.ch/de/migros-supermarkt-duebendorf-hochbord-nord
Migros Bank Bancomat,"Neugutstrasse 83, Dbendorf",47.4011879,8.6034703,"['atm', 'finance', 'point_of_interest', 'establishment']",ChIJjQu5ggChmkcRPGrBxMup-vw,8600,"Neugutstrasse 83, 8600 Dbendorf, Switzerland",https://www.migrosbank.ch/de/standorte.html/migros-bank-bancomat-duebendorf-micasa
Micasa,"Neugutstrasse 83, Dbendorf",47.4009022,8.603648699999999,"['furniture_store', 'home_goods_store', 'point_of_interest', 'store', 'establishment']",ChIJBaFAnAChmkcRVwRI4F1c0Vo,8600,"Neugutstrasse 83, 8600 Dbendorf, Switzerland",https://www.micasa.ch/de/cp/store/0150424/micasa-duebendorf-hochbord-nord?utm_source=GoogleMaps&utm_medium=organic&utm_campaign=D%C3%BCbendorf
migrolino Dbendorf (Bhlwiesen),"Ringstrasse 17, Dbendorf",47.39840040000001,8.605350699999999,"['supermarket', 'grocery_or_supermarket', 'food', 'point_of_interest', 'store', 'establishment']",ChIJJW4VzgahmkcRInTtfQdzztc,8600,"Ringstrasse 17, 8600 Dbendorf, Switzerland",http://www.migrolino.ch/
Migros Supermarkt,"Unterdorfstrasse 7, Dbendorf",47.39826,8.617614999999999,"['grocery_or_supermarket', 'supermarket', 'food', 'point_of_interest', 'store', 'establishment']",ChIJzVpqLgqhmkcRluWrtRCHgbw,8600,"Unterdorfstrasse 7, 8600 Dbendorf, Switzerland",https://filialen.migros.ch/de/migros-supermarkt-duebendorf
migrolino Dbendorf Im Giessen,"Ueberlandstrasse 97, Dbendorf",47.4032396,8.607397599999999,"['supermarket', 'grocery_or_supermarket', 'food', 'point_of_interest', 'store', 'establishment']",ChIJCd3jm6mhmkcRiyv_y5p1hyg,8600,"Ueberlandstrasse 97, 8600 Dbendorf, Switzerland",http://www.migrolino.ch/
Denner Discount,"Wallisellenstrasse 17, Dbendorf",47.39856349999999,8.618088799999999,"['supermarket', 'grocery_or_supermarket', 'food', 'point_of_interest', 'store', 'establishment']",ChIJD6Jf4CCgmkcRfEmoZUgdVcc,8600,"Wallisellenstrasse 17, 8600 Dbendorf, Switzerland",https://www.denner.ch/
Denner Discount,"Neuweg 4, Dbendorf",47.3964006,8.6129674,"['supermarket', 'grocery_or_supermarket', 'food', 'point_of_interest', 'store', 'establishment']",ChIJw4wDeQqhmkcRay2o_rgtNkk,8600,"Neuweg 4, 8600 Dbendorf, Switzerland",https://www.denner.ch/
Migros Supermarkt,"Im Zentrum 2, Oberengstringen",47.40861109999999,8.4633333,"['grocery_or_supermarket', 'supermarket', 'food', 'point_of_interest', 'store', 'establishment']",ChIJc-rMuIMLkEcRLdI7PqxaPUk,8102,"Im Zentrum 2, 8102 Oberengstringen, Switzerland",https://filialen.migros.ch/de/migros-supermarkt-oberengstringen
Denner Discount,"Ladengasse 1, Oberengstringen",47.4085506,8.4635141,"['supermarket', 'grocery_or_supermarket', 'food', 'point_of_interest', 'store', 'establishment']",ChIJc-rMuIMLkEcRPrsfwWMlYpk,8102,"Ladengasse 1, 8102 Oberengstringen, Switzerland",https://www.denner.ch/
Denner Discount,"Regensdorferstrasse 16, Einkaufszentrum, Zrich",47.40328299999999,8.498274499999999,"['supermarket', 'grocery_or_supermarket', 'food', 'point_of_interest', 'store', 'establishment']",ChIJJY0cF6wLkEcRwRRNnFWifcY,8049,"Regensdorferstrasse 16, Einkaufszentrum, 8049 Zrich, Switzerland",https://www.denner.ch/
Migros Supermarkt,"Einkaufszentrum Neumarkt, Hofwiesenstrasse 350, Zrich",47.4106139,8.5428081,"['grocery_or_supermarket', 'supermarket', 'food', 'point_of_interest', 'store', 'establishment']",ChIJsbyGDYYKkEcReDOVUIRlDJI,8050,"Einkaufszentrum Neumarkt, Hofwiesenstrasse 350, 8050 Zrich, Switzerland",https://filialen.migros.ch/de/migros-supermarkt-zuerich-oerlikon-neumarkt
Alnatura Bio Super Markt,"Baumackerstrasse 35, Zrich",47.4090151,8.5432963,"['grocery_or_supermarket', 'food', 'point_of_interest', 'store', 'establishment']",ChIJ4WVSVoYKkEcRxm3CmZcMhWo,8050,"Baumackerstrasse 35, 8050 Zrich, Switzerland",https://alnatura.migros.ch/de/filialfinder#alnatura-bio-super-markt-alnatura-bio-super-markt-oerlikon
melectronics,"Zentrum Neumarkt Hofwiesenstrasse 350-354, Zrich",47.41048319999999,8.542931099999999,"['movie_rental', 'electronics_store', 'home_goods_store', 'point_of_interest', 'store', 'establishment']",ChIJKdqCDoYKkEcRdR-uAy-MqBo,8050,"Zentrum Neumarkt Hofwiesenstrasse 350-354, 8050 Zrich, Switzerland",https://www.melectronics.ch/de/cp/store/0150426/melectronics-zuerich-oerlikon-neumarkt?utm_source=GoogleMaps&utm_medium=organic&utm_campaign=Z%C3%BCrich
Migros Take Away,"Hofwiesenstrasse 350/354, Zrich",47.4106762,8.5429459,"['meal_takeaway', 'bakery', 'restaurant', 'food', 'point_of_interest', 'store', 'establishment']",ChIJKdqCDoYKkEcRtLNqU8iyiL0,8050,"Hofwiesenstrasse 350/354, 8050 Zrich, Switzerland",https://filialen.migros.ch/de/take-away-zuerich-oerlikon-neumarkt
Denner Discount,"Schwamendingenstrasse 24, Zrich",47.40736709999999,8.5484298,"['supermarket', 'grocery_or_supermarket', 'food', 'point_of_interest', 'store', 'establishment']",ChIJP0276IAKkEcR589eQeHUAxM,8050,"Schwamendingenstrasse 24, 8050 Zrich, Switzerland",https://www.denner.ch/
Migros Restaurant,"Winterthurerstrasse 524, Zrich",47.4040308,8.5730192,"['restaurant', 'cafe', 'food', 'point_of_interest', 'establishment']",ChIJz_0of4qgmkcRir2eQjzKYEc,8051,"Winterthurerstrasse 524, 8051 Zrich, Switzerland",https://filialen.migros.ch/de/migros-restaurant-zuerich-schwamendingen
Denner Discount,"Winterthurerstrasse 549, Zrich",47.4045485,8.574454,"['supermarket', 'grocery_or_supermarket', 'food', 'point_of_interest', 'store', 'establishment']",ChIJf_5FPmCgmkcRFaTs-HAt1u0,8051,"Winterthurerstrasse 549, 8051 Zrich, Switzerland",https://www.denner.ch/
k kiosk,"Winterthurerstrasse 524, Zrich",47.4040381,8.5728039,"['convenience_store', 'liquor_store', 'restaurant', 'food', 'point_of_interest', 'store', 'establishment']",ChIJxXo3blShmkcR8kls1tQyogY,8051,"Winterthurerstrasse 524, 8051 Zrich, Switzerland",https://www.kkiosk.ch/
Migros,"Neue Winterthurerstrasse 99, Wallisellen",47.4086459,8.595885599999999,"['grocery_or_supermarket', 'supermarket', 'food', 'point_of_interest', 'store', 'establishment']",ChIJYfpdXlGgmkcRXSOSQiWzJAY,8304,"Neue Winterthurerstrasse 99, 8304 Wallisellen, Switzerland",https://filialen.migros.ch/de/migros-supermarkt-wallisellen-glattzentrum
Migros Florissimo Glattzentrum,"Einkfauszentrum Glatt, Neue Winterthurerstrasse 99, Glattzenzentrum",47.4087244,8.5958955,"['florist', 'point_of_interest', 'store', 'establishment']",ChIJCWQ62FOgmkcR7d5vQ-sRffw,8301,"Einkfauszentrum Glatt, Neue Winterthurerstrasse 99, 8301 Glattzenzentrum, Switzerland",NaN
melectronics,"Wallisellen - Glattzentrum, Neue Winterthurerstrasse 99, Wallisellen",47.40884399999999,8.595373,"['movie_rental', 'electronics_store', 'home_goods_store', 'point_of_interest', 'store', 'establishment']",ChIJ-yJ3flGgmkcRht0jI_L82ss,8304,"Wallisellen - Glattzentrum, Neue Winterthurerstrasse 99, 8304 Wallisellen, Switzerland",https://www.melectronics.ch/de/cp/store/0150450/melectronics-wallisellen-glattzentrum?utm_source=GoogleMaps&utm_medium=organic&utm_campaign=Wallisellen
Migros Take Away,"Neue Winterthurerstrasse 99, Wallisellen",47.4087191,8.5962848,"['meal_takeaway', 'bakery', 'restaurant', 'food', 'point_of_interest', 'store', 'establishment']",ChIJYfpdXlGgmkcRGh4gncdWmRE,8304,"Neue Winterthurerstrasse 99, 8304 Wallisellen, Switzerland",https://filialen.migros.ch/de/take-away-wallisellen-glattzentrum
Denner Discount,"Neue Winterthurerstrasse 99, Wallisellen",47.4078875,8.5965549,"['supermarket', 'grocery_or_supermarket', 'food', 'point_of_interest', 'store', 'establishment']",ChIJpS1s6VOgmkcRQsnWREZLvDY,8304,"Neue Winterthurerstrasse 99, 8304 Wallisellen, Switzerland",https://www.denner.ch/
Migros,"Neue Winterthurerstrasse 99, Wallisellen",47.4088791,8.5953754,"['restaurant', 'cafe', 'food', 'point_of_interest', 'establishment']",ChIJ4-ZZcvo5jkcRHxcBBrl6WOc,8304,"Neue Winterthurerstrasse 99, 8304 Wallisellen, Switzerland",https://filialen.migros.ch/de/migros-restaurant-wallisellen-glattzentrum
Alnatura Bio Super Markt,"Einkaufszentrum Glatt, Neue Winterthurerstrasse 99, Wallisellen",47.4082738,8.5950007,"['grocery_or_supermarket', 'food', 'point_of_interest', 'store', 'establishment']",ChIJD2L_e0WgmkcRzjwSRIDTrtE,8304,"Einkaufszentrum Glatt, Neue Winterthurerstrasse 99, 8304 Wallisellen, Switzerland",https://alnatura.migros.ch/de/filialfinder#alnatura-bio-super-markt-alnatura-bio-super-markt-glattzentrum
Migros Bank Bancomat,"Glattzentrum, Wallisellen",47.40837,8.59568,"['atm', 'finance', 'point_of_interest', 'establishment']",ChIJC24Qf7KhmkcRPr_4SpvtVm8,8304,"Glattzentrum, 8304 Wallisellen, Switzerland",https://www.migrosbank.ch/de/standorte.html/migros-bank-bancomat-wallisellen-glattzentrum
migrolino Wallisellen,"Husacherstrasse 2, Wallisellen",47.4081106,8.6019103,"['supermarket', 'grocery_or_supermarket', 'food', 'point_of_interest', 'store', 'establishment']",ChIJQW5EzKyhmkcRghtIBA1DW-0,8304,"Husacherstrasse 2, 8304 Wallisellen, Switzerland",http://www.migrolino.ch/
Do it + Garden,"Neue Winterthurerstrasse 99, Wallisellen",47.4086927,8.5963592,"['hardware_store', 'furniture_store', 'home_goods_store', 'point_of_interest', 'store', 'establishment']",ChIJYfpdXlGgmkcRHI7YmwIdZTw,8304,"Neue Winterthurerstrasse 99, 8304 Wallisellen, Switzerland",https://www.doitgarden.ch/de/cp/store/0150456/do-it-garden-wallisellen-glattzentrum?utm_source=GoogleMaps&utm_medium=organic&utm_campaign=Wallisellen
Migros-Pensionskasse,"Max Gublerstrasse 29, Unterengstringen",47.4101063,8.4541135,"['transit_station', 'point_of_interest', 'establishment']",ChIJRT_YCX8MkEcRX7907Qv5UV4,8103,"Max Gublerstrasse 29, 8103 Unterengstringen, Switzerland",NaN
Denner Discount,"Regensbergstrasse 309, Zrich",47.4114294,8.5265717,"['supermarket', 'grocery_or_supermarket', 'food', 'point_of_interest', 'store', 'establishment']",ChIJy1mGYvQKkEcRXIoQm66sEwQ,8050,"Regensbergstrasse 309, 8050 Zrich, Switzerland",https://www.denner.ch/
Migros Bank,"Nansenstrasse 21, Zrich",47.4103037,8.5441406,"['bank', 'finance', 'point_of_interest', 'establishment']",ChIJQS7Ze4YKkEcREX_xCYr2Uos,8050,"Nansenstrasse 21, 8050 Zrich, Switzerland",https://www.migrosbank.ch/de/standorte.html/migros-bank-niederlassung-zuerich-oerlikon
Coop Supermarkt Zrich Eleven,"Sophie-Taeuber-Strasse 4, Zrich",47.4131828,8.5406746,"['supermarket', 'grocery_or_supermarket', 'food', 'point_of_interest', 'store', 'establishment']",ChIJW_3Lt6mgmkcRZzq9UZyzvMs,8050,"Sophie-Taeuber-Strasse 4, 8050 Zrich, Switzerland",https://www.coop.ch/de/standorte/coop-supermarkt-zuerich-eleven/2250_POS
Klubschule Migros Zrich Oerlikon,"Hofwiesenstrasse 350, Zrich",47.4104981,8.5425907,"['gym', 'health', 'point_of_interest', 'establishment']",ChIJKdqCDoYKkEcRB5PfNMJWa8Q,8050,"Hofwiesenstrasse 350, 8050 Zrich, Switzerland",https://www.klubschule.ch/zuerich-oerlikon
migrolino Opfikon,"Hagenholzstrasse 119, Kreis 11",47.4161299,8.5637594,"['supermarket', 'grocery_or_supermarket', 'food', 'point_of_interest', 'store', 'establishment']",ChIJMWAyXAgKkEcRjxhUAA0yrmM,8152,"Hagenholzstrasse 119, 8152 Kreis 11, Switzerland",http://www.migrolino.ch/
Migros Supermarkt,"Bahnhofstrasse 30, Wallisellen",47.4135911,8.5918598,"['grocery_or_supermarket', 'supermarket', 'food', 'point_of_interest', 'store', 'establishment']",ChIJqz16kk-gmkcROqUWxEBuX_w,8304,"Bahnhofstrasse 30, 8304 Wallisellen, Switzerland",https://filialen.migros.ch/de/migros-supermarkt-wallisellen
Migros Bank Bancomat,"Industriestrasse 17, Wallisellen",47.4129094,8.584374799999999,"['atm', 'finance', 'point_of_interest', 'establishment']",ChIJw7qzPb2hmkcROj7vXHcMOog,8304,"Industriestrasse 17, 8304 Wallisellen, Switzerland",https://www.migrosbank.ch/de/standorte.html/migros-bank-bancomat-wallisellen-gabs
Denner Discount,"Bahnhofstrasse 9, Wallisellen",47.4143811,8.5910411,"['supermarket', 'grocery_or_supermarket', 'food', 'point_of_interest', 'store', 'establishment']",ChIJjV__e0WgmkcRNW4NTictIwA,8304,"Bahnhofstrasse 9, 8304 Wallisellen, Switzerland",https://www.denner.ch/
Migros Bank,"Richtiarkade 13, Wallisellen",47.4104542,8.5955938,"['bank', 'finance', 'point_of_interest', 'establishment']",ChIJHcQ32FOgmkcR61z40Wsu_is,8304,"Richtiarkade 13, 8304 Wallisellen, Switzerland",https://www.migrosbank.ch/de/standorte.html/migros-bank-niederlassung-wallisellen
SportXX,"Neue Winterthurerstrasse 99, Wallisellen",47.40845340000001,8.5960556,"['bicycle_store', 'point_of_interest', 'clothing_store', 'store', 'establishment']",ChIJYfpdXlGgmkcR0a1irOroTSk,8304,"Neue Winterthurerstrasse 99, 8304 Wallisellen, Switzerland",https://www.sportxx.ch/de/cp/store/0150457/sportxx-wallisellen-glattzentrum?utm_source=GoogleMaps&utm_medium=organic&utm_campaign=Wallisellen
Migros-Pensionskasse,"Guyerstrasse 2, Wallisellen",47.4177905,8.5991241,"['jewelry_store', 'electronics_store', 'point_of_interest', 'clothing_store', 'store', 'establishment']",ChIJ__AT3UugmkcRwiHSWCM1IqE,8304,"Guyerstrasse 2, 8304 Wallisellen, Switzerland",NaN
Migros Supermarkt,"Jonas-Furrer-Strasse 21, Zrich",47.4200611,8.5085111,"['grocery_or_supermarket', 'supermarket', 'food', 'point_of_interest', 'store', 'establishment']",ChIJX0YjkOIKkEcRZDzIE1DlaOU,8046,"Jonas-Furrer-Strasse 21, 8046 Zrich, Switzerland",https://filialen.migros.ch/de/migros-supermarkt-zuerich-affoltern
migrolino Zrich Affoltern,"Riedenhaldenstrasse Bahnhof, Zrich",47.420995,8.5079988,"['supermarket', 'grocery_or_supermarket', 'food', 'point_of_interest', 'store', 'establishment']",ChIJa1C_eB0LkEcR-4dxh49_tZk,8046,"Riedenhaldenstrasse Bahnhof, 8046 Zrich, Switzerland",http://www.migrolino.ch/
Migros Restaurant,"Jonas-Furrer-Strasse 21, Zrich",47.4202075,8.5086864,"['restaurant', 'cafe', 'food', 'point_of_interest', 'establishment']",ChIJw6rfm-IKkEcRWmkqReaIg90,8046,"Jonas-Furrer-Strasse 21, 8046 Zrich, Switzerland",https://filialen.migros.ch/de/migros-restaurant-zuerich-affoltern
migrolino Zrich Furttal,"Wehntalerstrasse 586C, Zrich",47.4209373,8.5026301,"['supermarket', 'grocery_or_supermarket', 'food', 'point_of_interest', 'store', 'establishment']",ChIJa1C_eB0LkEcR8N8Lhtc8cYI,8046,"Wehntalerstrasse 586C, 8046 Zrich, Switzerland",http://www.migrolino.ch/
Denner Discount,"In Bden 174, Zrich",47.4206343,8.5082811,"['supermarket', 'grocery_or_supermarket', 'food', 'point_of_interest', 'store', 'establishment']",ChIJJ627nuIKkEcRpmltSqueC-w,8046,"In Bden 174, 8046 Zrich, Switzerland",https://www.denner.ch/
DROPA Drogerie Apotheke Zrich-Affoltern,"Migros Einkaufszentrum, In Bden 174, Zrich",47.4202047,8.5081692,"['pharmacy', 'drugstore', 'health', 'point_of_interest', 'store', 'establishment']",ChIJBU26nuIKkEcRnUEG6uo-kjM,8046,"Migros Einkaufszentrum, In Bden 174, 8046 Zrich, Switzerland",https://dropa.ch/standorte/dropa-drogerie-apotheke-zuerich-affoltern?utm_source=gmb&utm_medium=yext
Migros Supermarkt,"Schaffhauserstrasse 470, Zrich",47.4195334,8.5483259,"['grocery_or_supermarket', 'supermarket', 'food', 'point_of_interest', 'store', 'establishment']",ChIJzcr5wpsKkEcR8OcT8pamnyI,8052,"Schaffhauserstrasse 470, 8052 Zrich, Switzerland",https://filialen.migros.ch/de/migros-supermarkt-zuerich-seebach
Migros Supermarkt,"Thurgauerstrasse 106, Opfikon",47.4210946,8.5577823,"['grocery_or_supermarket', 'supermarket', 'food', 'point_of_interest', 'store', 'establishment']",ChIJDzSxlnWgmkcRkuKcKvoGFB8,8152,"Thurgauerstrasse 106, 8152 Opfikon, Switzerland",https://filialen.migros.ch/de/migros-supermarkt-opfikon-glattpark
migrolino Zrich Thurgauerstrasse,"Thurgauerstrasse 100, Zrich",47.41979689999999,8.5563336,"['supermarket', 'grocery_or_supermarket', 'food', 'point_of_interest', 'store', 'establishment']",ChIJYYNzAJ4KkEcRp5Uxhi6s6U0,8052,"Thurgauerstrasse 100, 8052 Zrich, Switzerland",http://www.migrolino.ch/
Denner Discount,"Schaffhauserstrasse 491, Zrich",47.4211483,8.549409599999999,"['supermarket', 'grocery_or_supermarket', 'food', 'point_of_interest', 'store', 'establishment']",ChIJuXZxaJkKkEcRRXuwX5NEp2c,8052,"Schaffhauserstrasse 491, 8052 Zrich, Switzerland",https://www.denner.ch/
Denner Discount,"Thurgauerstrasse 106, Opfikon",47.4211328,8.557648,"['supermarket', 'grocery_or_supermarket', 'food', 'point_of_interest', 'store', 'establishment']",ChIJESWoiHWgmkcRhFcST5U2Aaw,8152,"Thurgauerstrasse 106, 8152 Opfikon, Switzerland",https://www.denner.ch/
Migros Fitnesspark Glattpark,"Thurgauerstrasse 106, Opfikon",47.4211435,8.5577185,"['spa', 'gym', 'health', 'point_of_interest', 'establishment']",ChIJESWoiHWgmkcRkMk3w5ZWAG8,8152,"Thurgauerstrasse 106, 8152 Opfikon, Switzerland",https://www.fitnesspark.ch/glattpark/
VOI Migros Partner,"Schfligrabenstrasse 45, Wallisellen",47.41974889999999,8.5974419,"['supermarket', 'bakery', 'grocery_or_supermarket', 'food', 'health', 'point_of_interest', 'store', 'establishment']",ChIJdTvgrs-hmkcRQyrXkGkFtVU,8304,"Schfligrabenstrasse 45, 8304 Wallisellen, Switzerland",https://filialen.migros.ch/de/voi-voi-wallisellen
Migros Supermarkt,"Im Zentrum 1, Regensdorf",47.4310112,8.4691587,"['grocery_or_supermarket', 'supermarket', 'food', 'point_of_interest', 'store', 'establishment']",ChIJP9wCHl4LkEcRpeSkgXMSVfE,8105,"Im Zentrum 1, 8105 Regensdorf, Switzerland",https://filialen.migros.ch/de/migros-supermarkt-regensdorf-zentrum
Migros Take Away,"Im Zentrum 1, Regensdorf",47.4313251,8.4691306,"['meal_takeaway', 'bakery', 'restaurant', 'food', 'point_of_interest', 'store', 'establishment']",ChIJBQr4910LkEcRTo0XjDYSiRg,8105,"Im Zentrum 1, 8105 Regensdorf, Switzerland",https://filialen.migros.ch/de/take-away-regensdorf-zentrum-2
Migros Fitnesspark Regensdorf,"Im Zentrum 3, Regensdorf",47.4310145,8.4685033,"['spa', 'gym', 'health', 'point_of_interest', 'establishment']",ChIJP9wCHl4LkEcRd7yUmugVPZM,8105,"Im Zentrum 3, 8105 Regensdorf, Switzerland",https://www.fitnesspark.ch/regensdorf/
Migros Florissimo - Seebach,"Schaffhauserstrasse 470, Zrich",47.419415,8.5481926,"['florist', 'point_of_interest', 'store', 'establishment']",ChIJXb2axpsKkEcRJyxsxiOeWy8,8052,"Schaffhauserstrasse 470, 8052 Zrich, Switzerland",http://migros.ch/
Denner Express,"Glattalstrasse 76, Zrich",47.4272499,8.5467359,"['supermarket', 'grocery_or_supermarket', 'food', 'point_of_interest', 'store', 'establishment']",ChIJB4aGzaIKkEcRQmQOUZaAvIo,8052,"Glattalstrasse 76, 8052 Zrich, Switzerland",https://www.denner.ch/
Genossenschaft Migros Zrich,"Industriestrasse 20, Opfikon",47.4300927,8.5577039,"['point_of_interest', 'establishment']",ChIJkW7I6LuhmkcRIZMzr129BtY,8152,"Industriestrasse 20, 8152 Opfikon, Switzerland",NaN
Denner Partner,"Wallisellerstrasse 114/116, Opfikon",47.428244,8.573966,"['supermarket', 'grocery_or_supermarket', 'food', 'point_of_interest', 'store', 'establishment']",ChIJPeETgBGgmkcRGs13AIksGdM,8152,"Wallisellerstrasse 114/116, 8152 Opfikon, Switzerland",https://www.denner.ch/
Migros Restaurant,"Im Zentrum 1, Regensdorf",47.4314749,8.4685519,"['restaurant', 'food', 'point_of_interest', 'establishment']",ChIJqZHBX2cLkEcR_-eTgvHrM54,8105,"Im Zentrum 1, 8105 Regensdorf, Switzerland",NaN
Denner Discount,"Im Zentrum 1, Regensdorf",47.4310757,8.4696723,"['supermarket', 'grocery_or_supermarket', 'food', 'point_of_interest', 'store', 'establishment']",ChIJEftGgF0LkEcRWcqt67mNHgc,8105,"Im Zentrum 1, 8105 Regensdorf, Switzerland",https://www.denner.ch/
Coop Supermarkt Regensdorf Zentrum,"Im Zentrum 1, Regensdorf",47.4313556,8.4691487,"['supermarket', 'grocery_or_supermarket', 'food', 'point_of_interest', 'store', 'establishment']",ChIJP9wCHl4LkEcR5Blke61jVqE,8105,"Im Zentrum 1, 8105 Regensdorf, Switzerland",https://www.coop.ch/de/standorte/coop-supermarkt-regensdorf-zentrum/1506_POS
migrolino Regensdorf,"Feldstrasse 6, Regensdorf",47.437556,8.474373,"['supermarket', 'grocery_or_supermarket', 'food', 'point_of_interest', 'store', 'establishment']",ChIJsTK1AFsLkEcR3jewM_rDgd0,8105,"Feldstrasse 6, 8105 Regensdorf, Switzerland",http://www.migrolino.ch/
Migros Supermarkt,"Wallisellerstrasse 8, Opfikon",47.4342441,8.567730599999999,"['grocery_or_supermarket', 'supermarket', 'food', 'point_of_interest', 'store', 'establishment']",ChIJj1H28AWgmkcR65uWQ3Qlpaw,8152,"Wallisellerstrasse 8, 8152 Opfikon, Switzerland",https://filialen.migros.ch/de/migros-supermarkt-glattbrugg
Migros Holidays / Vacances Migros,"Sgereistrasse 20, Opfikon",47.4317568,8.5599395,"['travel_agency', 'point_of_interest', 'establishment']",ChIJGxVfgKcKkEcR-caSMk92IjM,8152,"Sgereistrasse 20, 8152 Opfikon, Switzerland",https://www.migros-ferien.ch/
migrolino Glattbrugg,"Schaffhauserstrasse 101, Opfikon",47.4330108,8.5646376,"['supermarket', 'grocery_or_supermarket', 'food', 'point_of_interest', 'store', 'establishment']",ChIJO8KFp6AKkEcRXP_OpqCokWs,8152,"Schaffhauserstrasse 101, 8152 Opfikon, Switzerland",http://www.migrolino.ch/
migrolino fresh Glattbrugg,"Europa-Strasse 3, Opfikon",47.4308194,8.5595076,"['supermarket', 'grocery_or_supermarket', 'food', 'point_of_interest', 'store', 'establishment']",ChIJKRsyHU8LkEcREEQrcIAb0ic,8152,"Europa-Strasse 3, 8152 Opfikon, Switzerland",http://www.migrolino.ch/
Coop Supermarkt Opfikon,"Talackerstrasse 68, Opfikon",47.4284888,8.563879499999999,"['supermarket', 'grocery_or_supermarket', 'food', 'point_of_interest', 'store', 'establishment']",ChIJMbmY4gWgmkcRIb56rtzCKPk,8152,"Talackerstrasse 68, 8152 Opfikon, Switzerland",https://www.coop.ch/de/standorte/coop-supermarkt-opfikon/1604_POS
Coop Supermarkt Glattbrugg Bahnhof,"Europa-Strasse 4, Opfikon",47.4306251,8.5600504,"['supermarket', 'grocery_or_supermarket', 'food', 'point_of_interest', 'store', 'establishment']",ChIJlyRH3gmgmkcRi9bA_jZWBDw,8152,"Europa-Strasse 4, 8152 Opfikon, Switzerland",https://www.coop.ch/de/standorte/coop-supermarkt-glattbrugg-bahnhof/4888_POS
Denner Discount,"Schaffhauserstrasse 141, Opfikon",47.436237,8.568358,"['supermarket', 'grocery_or_supermarket', 'food', 'point_of_interest', 'store', 'establishment']",ChIJp2-TMgSgmkcRVls7Y61sO88,8152,"Schaffhauserstrasse 141, 8152 Opfikon, Switzerland",https://www.denner.ch/
